"","Name","Position","Team","ovr_rating"
"573","Patrick Peterson","CB","ARI",91
"520","Justin Bethel","CB","ARI",74
"553","Mike Jenkins","CB","ARI",70
"590","Brandon Williams","CB","ARI",70
"551","Asa Jackson","CB","ARI",69
"575","Shaun Prater","CB","ARI",66
"564","Harlan Miller","CB","ARI",62
"524","Cariel Brooks","CB","ARI",59
"531","Calais Campbell","DL","ARI",88
"578","Frostee Rucker","DL","ARI",76
"569","Robert Nkemdiche","DL","ARI",75
"572","Corey Peters","DL","ARI",75
"527","Red Bryant","DL","ARI",73
"548","Rodney Gunter","DL","ARI",66
"581","Ed Stinson","DL","ARI",62
"562","Josh Mauro","DL","ARI",61
"592","Xavier Williams","DL","ARI",60
"574","Olsen Pierre","DL","ARI",59
"560","Tyrann Mathieu","FS","ARI",96
"552","Tony Jefferson","FS","ARI",82
"537","Chris Clemons","FS","ARI",76
"534","Chandler Catanzaro","K","ARI",80
"556","Chandler Jones","LB","ARI",82
"528","Deone Bucannon","LB","ARI",80
"565","Kevin Minter","LB","ARI",74
"529","Donald Butler","LB","ARI",73
"570","Alex Okafor","LB","ARI",71
"588","Daryl Washington","LB","ARI",70
"546","Markus Golden","LB","ARI",69
"558","Gabe Martin","LB","ARI",64
"559","Kareem Martin","LB","ARI",63
"544","Alani Fua","LB","ARI",61
"577","Shaq Riddick","LB","ARI",59
"557","Lamar Louis","LB","ARI",50
"561","Evan Mathis","OL","ARI",88
"550","Mike Iupati","OL","ARI",86
"587","Jared Veldheer","OL","ARI",85
"589","Earl Watford","OL","ARI",74
"549","D.J. Humphries","OL","ARI",73
"579","A.Q. Shipley","OL","ARI",71
"521","Evan Boehm","OL","ARI",67
"522","Taylor Boggs","OL","ARI",67
"563","Antoine McClain","OL","ARI",64
"585","Cole Toner","OL","ARI",64
"539","Clay DeBord","OL","ARI",60
"576","Givens Price","OL","ARI",60
"530","Drew Butler","P","ARI",76
"582","Garrett Swanson","P","ARI",69
"571","Carson Palmer","QB","ARI",89
"580","Drew Stanton","QB","ARI",68
"519","Matt Barkley","QB","ARI",64
"538","Jake Coker","QB","ARI",62
"555","David Johnson","RB","ARI",84
"540","Andre Ellington","RB","ARI",78
"554","Chris Johnson","RB","ARI",75
"584","Stepfan Taylor","RB","ARI",73
"591","Kerwynn Williams","RB","ARI",71
"523","Tyvon Branch","SS","ARI",81
"583","D.J. Swearinger","SS","ARI",72
"536","Marqui Christian","SS","ARI",64
"547","Jermaine Gresham","TE","ARI",84
"568","Troy Niklas","TE","ARI",74
"541","Darren Fells","TE","ARI",73
"566","Ifeanyi Momah","TE","ARI",66
"535","Gerald Christian","TE","ARI",63
"586","Hakeem Valles","TE","ARI",61
"532","Kameron Canaday","TE","ARI",42
"542","Larry Fitzgerald","WR","ARI",91
"526","John Brown","WR","ARI",86
"543","Michael Floyd","WR","ARI",85
"525","Jaron Brown","WR","ARI",72
"567","J.J. Nelson","WR","ARI",67
"545","Brittan Golden","WR","ARI",62
"533","Amir Carlisle","WR","ARI",61
"1100","Desmond Trufant","CB","ATL",91
"1037","Robert Alford","CB","ATL",78
"1047","Jalen Collins","CB","ATL",71
"1102","DeMarcus Van Dyke","CB","ATL",67
"1057","C.J. Goodwin","CB","ATL",61
"1067","Devonte Johnson","CB","ATL",61
"1071","Akeem King","CB","ATL",61
"1080","David Mims II","CB","ATL",61
"1039","Jonathan Babineaux","DL","ATL",81
"1045","Adrian Clayborn","DL","ATL",77
"1064","Tyson Jackson","DL","ATL",77
"1101","Courtney Upshaw","DL","ATL",76
"1085","Brooks Reed","DL","ATL",75
"1058","Ra'Shede Hageman","DL","ATL",74
"1051","Dwight Freeney","DL","ATL",73
"1065","Grady Jarrett","DL","ATL",72
"1094","Derrick Shelby","DL","ATL",72
"1056","Malliciah Goodman","DL","ATL",68
"1076","Chris Mayes","DL","ATL",61
"1077","Joey Mbu","DL","ATL",59
"1066","Cory Johnson","DL","ATL",58
"1038","Ricardo Allen","FS","ATL",76
"1098","Robenson Therezie","FS","ATL",68
"1042","Matt Bryant","K","ATL",81
"1040","Vic Beasley Jr","LB","ATL",79
"1105","Sean Weatherspoon","LB","ATL",77
"1107","Philip Wheeler","LB","ATL",74
"1109","Paul Worrilow","LB","ATL",74
"1069","Deion Jones","LB","ATL",71
"1087","LaRoy Reynolds","LB","ATL",67
"1043","De'Vondre Campbell","LB","ATL",66
"1096","Tyler Starr","LB","ATL",64
"1079","Ivan McLennan","LB","ATL",61
"1092","Ryan Schraeder","OL","ATL",85
"1074","Alex Mack","OL","ATL",84
"1072","Andy Levitre","OL","ATL",80
"1075","Jake Matthews","OL","ATL",80
"1044","Chris Chester","OL","ATL",78
"1048","Tom Compton","OL","ATL",73
"1060","Bryce Harris","OL","ATL",73
"1083","Mike Person","OL","ATL",70
"1053","Ben Garland","OL","ATL",66
"1054","Laurence Gibson","OL","ATL",64
"1093","Wes Schweitzer","OL","ATL",64
"1036","Shahbaz Ahmed","OL","ATL",61
"1041","Matt Bosher","P","ATL",81
"1089","Matt Ryan","QB","ATL",84
"1091","Matt Schaub","QB","ATL",70
"1086","Sean Renfree","QB","ATL",64
"1095","Matt Simms","QB","ATL",61
"1049","Patrick DiMarco","RB","ATL",91
"1050","Devonta Freeman","RB","ATL",86
"1046","Tevin Coleman","RB","ATL",75
"1103","Terron Ward","RB","ATL",69
"1068","Gus Johnson","RB","ATL",63
"1081","Keanu Neal","SS","ATL",77
"1063","Kemal Ishmael","SS","ATL",76
"1055","Charles Godfrey","SS","ATL",72
"1082","Sharrod Neasman","SS","ATL",62
"1084","Brian Poole","SS","ATL",60
"1097","Jacob Tamme","TE","ATL",79
"1062","Austin Hooper","TE","ATL",71
"1099","Levine Toilolo","TE","ATL",71
"1073","Arthur Lynch","TE","ATL",67
"1061","Josh Harris","TE","ATL",54
"1070","Julio Jones","WR","ATL",96
"1090","Mohamed Sanu Sr","WR","ATL",77
"1059","Justin Hardy","WR","ATL",69
"1106","Eric Weems","WR","ATL",69
"1108","Nick Williams","WR","ATL",69
"1088","Aldrick Robinson","WR","ATL",67
"1052","Devin Fuller","WR","ATL",62
"1078","J.D. McKissic","WR","ATL",62
"1104","Corey Washington","WR","ATL",62
"1825","Jimmy Smith","CB","BAL",81
"1776","Kyle Arrington","CB","BAL",74
"1789","Will Davis","CB","BAL",73
"1822","Jerraud Powers","CB","BAL",73
"1844","Shareece Wright","CB","BAL",72
"1824","Jumal Rolle","CB","BAL",67
"1846","Tavon Young","CB","BAL",67
"1782","Maurice Canady","CB","BAL",64
"1842","Brandon Williams","DL","BAL",84
"1802","Timmy Jernigan","DL","BAL",76
"1797","Lawrence Guy","DL","BAL",71
"1806","Bronson Kaufusi","DL","BAL",69
"1798","Willie Henry","DL","BAL",68
"1788","Carl Davis","DL","BAL",66
"1832","Brent Urban","DL","BAL",64
"1811","Kapron Lewis-Moore","DL","BAL",60
"1839","Eric Weddle","FS","BAL",92
"1810","Kendrick Lewis","FS","BAL",79
"1778","Terrence Brooks","FS","BAL",72
"1808","Anthony Levine Sr","FS","BAL",71
"1831","Justin Tucker","K","BAL",83
"1829","Terrell Suggs","LB","BAL",90
"1792","Elvis Dumervil","LB","BAL",87
"1816","C.J. Mosley","LB","BAL",83
"1785","Kavell Conner","LB","BAL",73
"1779","Arthur Brown","LB","BAL",72
"1786","Kamalei Correa","LB","BAL",71
"1814","Albert McClellan","LB","BAL",70
"1826","Za'Darius Smith","LB","BAL",68
"1783","Chris Carter","LB","BAL",67
"1804","Matt Judon","LB","BAL",67
"1819","Zachary Orr","LB","BAL",65
"1818","Victor Ochi","LB","BAL",61
"1845","Marshal Yanda","OL","BAL",97
"1847","Jeremy Zuttah","OL","BAL",81
"1828","Ronnie Stanley","OL","BAL",79
"1834","Rick Wagner","OL","BAL",76
"1791","Vladimir Ducasse","OL","BAL",74
"1833","John Urschel","OL","BAL",70
"1801","Ryan Jensen","OL","BAL",69
"1809","Alex Lewis","OL","BAL",69
"1799","James Hurst","OL","BAL",66
"1840","De'Ondre Wesley","OL","BAL",66
"1817","Stephane Nembot","OL","BAL",59
"1807","Sam Koch","P","BAL",84
"1794","Joe Flacco","QB","BAL",81
"1812","Ryan Mallett","QB","BAL",67
"1803","Josh Johnson","QB","BAL",65
"1805","Kyle Juszczyk","RB","BAL",83
"1795","Justin Forsett","RB","BAL",82
"1775","Javorius Allen","RB","BAL",74
"1830","Lorenzo Taliaferro","RB","BAL",73
"1841","Terrance West","RB","BAL",73
"1790","Kenneth Dixon","RB","BAL",72
"1823","Keenan Reynolds","RB","BAL",62
"1838","Lardarius Webb","SS","BAL",78
"1793","Matt Elam","SS","BAL",69
"1821","Dennis Pitta","TE","BAL",81
"1837","Benjamin Watson","TE","BAL",81
"1796","Crockett Gillmore","TE","BAL",78
"1843","Maxx Williams","TE","BAL",78
"1777","Nick Boyle","TE","BAL",76
"1836","Darren Waller","TE","BAL",67
"1787","Morgan Cox","TE","BAL",40
"1827","Steve Smith Sr","WR","BAL",89
"1774","Kamar Aiken","WR","BAL",78
"1835","Mike Wallace","WR","BAL",77
"1820","Breshad Perriman","WR","BAL",70
"1781","Michael Campanaro","WR","BAL",68
"1813","Chris Matthews","WR","BAL",68
"1815","Chris Moore","WR","BAL",65
"1780","Daniel Brown","WR","BAL",61
"1784","Kaelin Clay","WR","BAL",58
"1800","Chuck Jacobs","WR","BAL",58
"246","Stephon Gilmore","CB","BUF",86
"235","Ronald Darby","CB","BUF",83
"270","Sterling Moore","CB","BUF",76
"275","Nickell Robey-Coleman","CB","BUF",74
"288","Corey White","CB","BUF",71
"279","Sammy Seamster","CB","BUF",65
"280","Kevon Seymour","CB","BUF",63
"236","Marcell Dareus","DL","BUF",88
"292","Kyle Williams","DL","BUF",78
"286","Adolphus Washington","DL","BUF",71
"237","Leger Douzable","DL","BUF",68
"231","Corbin Bryant","DL","BUF",67
"296","Jerel Worthy","DL","BUF",67
"241","Lavar Edwards","DL","BUF",66
"226","T.J. Barnes","DL","BUF",60
"250","Corey Graham","FS","BUF",82
"290","Duke Williams","FS","BUF",75
"238","Jonathan Dowling","FS","BUF",65
"233","Dan Carpenter","K","BUF",79
"244","Jordan Gay","K","BUF",71
"255","Jerry Hughes","LB","BUF",85
"229","Preston Brown","LB","BUF",74
"230","Zach Brown","LB","BUF",74
"261","Manny Lawson","LB","BUF",74
"273","Reggie Ragland","LB","BUF",73
"253","David Hawthorne","LB","BUF",71
"260","Jamari Lattimore","LB","BUF",70
"262","Shaq Lawson","LB","BUF",70
"223","Lorenzo Alexander","LB","BUF",67
"242","IK Enemkpali","LB","BUF",67
"257","Randell Johnson","LB","BUF",67
"281","Brandon Spikes","LB","BUF",67
"284","Max Valles","LB","BUF",60
"256","Richie Incognito","OL","BUF",90
"247","Cordy Glenn","OL","BUF",89
"294","Eric Wood","OL","BUF",82
"269","Jordan Mills","OL","BUF",73
"259","Cyrus Kouandjio","OL","BUF",72
"285","Fernando Velasco","OL","BUF",72
"268","John Miller","OL","BUF",69
"254","Seantrel Henderson","OL","BUF",68
"251","Ryan Groy","OL","BUF",64
"274","Cyril Richardson","OL","BUF",64
"277","Garrison Sanborn","OL","BUF",54
"278","Colton Schmidt","P","BUF",77
"282","Tyrod Taylor","QB","BUF",82
"265","E.J. Manuel","QB","BUF",71
"258","Cardale Jones","QB","BUF",66
"266","LeSean McCoy","RB","BUF",86
"293","Karlos Williams Sr","RB","BUF",79
"232","Reggie Bush","RB","BUF",74
"243","Jerome Felton","RB","BUF",73
"245","Mike Gillislee","RB","BUF",70
"291","Jonathan Williams","RB","BUF",67
"289","Aaron Williams","SS","BUF",77
"227","Robert Blanton","SS","BUF",76
"224","Colt Anderson","SS","BUF",71
"283","Phillip Thomas","SS","BUF",68
"267","Jonathan Meeks","SS","BUF",64
"234","Charles Clay","TE","BUF",85
"249","Chris Gragg","TE","BUF",72
"239","Jim Dray","TE","BUF",70
"271","Nick O'Leary","TE","BUF",69
"225","Blake Annen","TE","BUF",63
"287","Sammy Watkins","WR","BUF",87
"295","Robert Woods","WR","BUF",73
"252","Leonard Hankerson","WR","BUF",70
"248","Marquise Goodwin","WR","BUF",68
"264","Greg Little","WR","BUF",68
"228","Jarrett Boykin","WR","BUF",67
"240","Marcus Easley","WR","BUF",67
"276","Greg Salas","WR","BUF",67
"263","Kolby Listenbee","WR","BUF",66
"272","Walter Powell","WR","BUF",60
"1485","Bene Benwikere","CB","CAR",80
"1511","Leonard Johnson","CB","CAR",71
"1522","Robert McClain","CB","CAR",71
"1488","James Bradberry","CB","CAR",70
"1550","Daryl Worley","CB","CAR",68
"1531","Zack Sanchez","CB","CAR",64
"1549","Teddy Williams","CB","CAR",62
"1552","Lou Young","CB","CAR",61
"1535","Kawann Short","DL","CAR",92
"1509","Charles Johnson","DL","CAR",82
"1537","Paul Soliai","DL","CAR",80
"1498","Kony Ealy","DL","CAR",79
"1517","Star Lotulelei","DL","CAR",79
"1480","Mario Addison","DL","CAR",76
"1490","Vernon Butler","DL","CAR",74
"1518","Kyle Love","DL","CAR",72
"1506","Wes Horton","DL","CAR",70
"1495","Ryan Delaire","DL","CAR",65
"1545","Larry Webster III","DL","CAR",63
"1539","Robert Thomas","DL","CAR",51
"1493","Kurt Coleman","FS","CAR",87
"1512","Colin Jones","FS","CAR",69
"1483","Marcus Ball","FS","CAR",65
"1501","Graham Gano","K","CAR",85
"1515","Luke Kuechly","LB","CAR",99
"1494","Thomas Davis Sr","LB","CAR",89
"1540","Shaq Thompson","LB","CAR",75
"1514","A.J. Klein","LB","CAR",74
"1507","Ben Jacobs","LB","CAR",67
"1521","David Mayo","LB","CAR",64
"1492","Jeremy Cash","LB","CAR",62
"1524","Jared Norris","LB","CAR",57
"1513","Ryan Kalil","OL","CAR",89
"1542","Trai Turner","OL","CAR",87
"1525","Andrew Norwell","OL","CAR",83
"1527","Michael Oher","OL","CAR",78
"1529","Mike Remmers","OL","CAR",76
"1503","Gino Gradkowski","OL","CAR",70
"1534","Chris Scott","OL","CAR",70
"1548","Daryl Williams","OL","CAR",70
"1551","David Yankey","OL","CAR",69
"1497","Reese Dismukes","OL","CAR",67
"1516","Tyler Larsen","OL","CAR",67
"1499","David Foucault","OL","CAR",64
"1520","Matt Masifilo","OL","CAR",63
"1504","Donald Hawkins","OL","CAR",62
"1533","Mike Scifres","P","CAR",77
"1543","Swayze Waters","P","CAR",69
"1523","Cam Newton","QB","CAR",94
"1481","Derek Anderson","QB","CAR",70
"1544","Joe Webb","QB","CAR",65
"1538","Jonathan Stewart","RB","CAR",87
"1541","Mike Tolbert","RB","CAR",78
"1482","Cameron Artis-Payne","RB","CAR",70
"1547","Fozzy Whittaker","RB","CAR",69
"1546","Brandon Wegher","RB","CAR",67
"1510","Devon Johnson","RB","CAR",62
"1487","Tre Boston","SS","CAR",78
"1530","Trenton Robinson","SS","CAR",68
"1519","Dean Marlowe","SS","CAR",67
"1528","Greg Olsen","TE","CAR",93
"1496","Ed Dickson","TE","CAR",72
"1532","Beau Sandland","TE","CAR",65
"1536","Scott Simonson","TE","CAR",64
"1508","J.J. Jansen","TE","CAR",44
"1484","Kelvin Benjamin","WR","CAR",83
"1489","Philly Brown","WR","CAR",77
"1502","Ted Ginn Jr","WR","CAR",77
"1500","Devin Funchess","WR","CAR",74
"1486","Brenton Bersin","WR","CAR",69
"1526","Kevin Norwood","WR","CAR",68
"1491","LaRon Byrd","WR","CAR",62
"1505","Stephen Hill","WR","CAR",62
"95","Kyle Fuller","CB","CHI",80
"127","Tracy Porter","CB","CHI",72
"81","Brandon Boykin","CB","CHI",71
"88","Bryce Callahan","CB","CHI",69
"119","Sherrick McManis","CB","CHI",69
"100","Deiondre' Hall","CB","CHI",64
"87","Taveze Calhoun","CB","CHI",62
"96","Jacoby Glenn","CB","CHI",62
"126","Kevin Peterson","CB","CHI",61
"101","Akiem Hicks","DL","CHI",78
"97","Eddie Goldman","DL","CHI",77
"85","Jonathan Bullard","DL","CHI",69
"141","Mitch Unrein","DL","CHI",69
"92","Ego Ferguson","DL","CHI",67
"137","Will Sutton","DL","CHI",66
"142","Cornelius Washington","DL","CHI",64
"77","Adrian Amos","FS","CHI",77
"104","DeAndre Houston-Carson","FS","CHI",68
"107","Demontre Hurst","FS","CHI",67
"98","Robbie Gould","K","CHI",79
"120","Pernell McPhee","LB","CHI",92
"94","Jerrell Freeman","LB","CHI",86
"140","Danny Trevathan","LB","CHI",85
"148","Willie Young","LB","CHI",84
"103","Lamarr Houston","LB","CHI",81
"93","Leonard Floyd","LB","CHI",76
"109","Christian Jones","LB","CHI",76
"75","Sam Acho","LB","CHI",75
"78","Jonathan Anderson","LB","CHI",66
"139","John Timu","LB","CHI",66
"111","Nick Kwiatkoski","LB","CHI",65
"79","Lamin Barrow","LB","CHI",64
"129","Roy Robertson-Harris","LB","CHI",60
"116","Kyle Long","OL","CHI",82
"118","Bobby Massie","OL","CHI",75
"76","Mike Adams","OL","CHI",73
"135","Amini Silatolu","OL","CHI",73
"115","Charles Leno Jr","OL","CHI",69
"145","Cody Whitehair","OL","CHI",69
"99","Hroniss Grasu","OL","CHI",68
"113","Ted Larsen","OL","CHI",67
"143","Jason Weaver","OL","CHI",65
"124","Pat O'Donnell","P","CHI",80
"90","Jay Cutler","QB","CHI",80
"106","Brian Hoyer","QB","CHI",73
"91","David Fales","QB","CHI",63
"134","Connor Shaw","QB","CHI",59
"147","Darrel Young","RB","CHI",77
"112","Jeremy Langford","RB","CHI",76
"130","Jacquizz Rodgers","RB","CHI",75
"89","Ka'Deem Carey","RB","CHI",73
"105","Jordan Howard","RB","CHI",66
"125","Senorise Perry","RB","CHI",64
"110","Harold Jones-Quartey","SS","CHI",71
"86","Deon Bush","SS","CHI",68
"128","Chris Prosinski","SS","CHI",67
"122","Zach Miller","TE","CHI",78
"123","Tony Moeaki","TE","CHI",71
"102","Rob Housler","TE","CHI",68
"114","Khari Lee","TE","CHI",67
"82","Ben Braunecker","TE","CHI",63
"136","Joe Sommers","TE","CHI",63
"133","Greg Scruggs","TE","CHI",60
"84","Aaron Brewer","TE","CHI",45
"132","Patrick Scales","TE","CHI",40
"108","Alshon Jeffery","WR","CHI",91
"131","Eddie Royal","WR","CHI",77
"144","Kevin White","WR","CHI",74
"146","Marquess Wilson","WR","CHI",73
"117","Marc Mariani","WR","CHI",69
"80","Joshua Bellamy","WR","CHI",68
"83","Daniel Braverman","WR","CHI",65
"121","Cameron Meredith","WR","CHI",64
"138","Deonte Thompson","WR","CHI",63
"192","Adam Jones","CB","CIN",88
"193","Dre Kirkpatrick","CB","CIN",76
"168","Darqueze Dennard","CB","CIN",75
"189","William Jackson III","CB","CIN",73
"156","Chykie Brown","CB","CIN",70
"208","Josh Shaw","CB","CIN",70
"196","Chris Lewis-Harris","CB","CIN",68
"183","Darius Hillary","CB","CIN",60
"150","Geno Atkins","DL","CIN",94
"170","Carlos Dunlap","DL","CIN",88
"190","Michael Johnson","DL","CIN",79
"203","Domata Peko","DL","CIN",74
"209","Pat Sims","DL","CIN",72
"152","Andrew Billings","DL","CIN",68
"161","Will Clarke","DL","CIN",67
"212","Brandon Thompson","DL","CIN",67
"187","Margus Hunt","DL","CIN",65
"167","David Dean","DL","CIN",60
"178","Marcus Hardison","DL","CIN",60
"157","Ryan Brown","DL","CIN",59
"188","George Iloka","FS","CIN",84
"219","Jimmy Wilson","FS","CIN",72
"210","Derron Smith","FS","CIN",67
"200","Mike Nugent","K","CIN",80
"184","Zach Hocker","K","CIN",69
"158","Vontaze Burfict","LB","CIN",88
"198","Rey Maualuga","LB","CIN",84
"165","Karlos Dansby","LB","CIN",83
"205","Vincent Rey","LB","CIN",75
"166","P.J. Dawson","LB","CIN",71
"169","Jayson DiManche","LB","CIN",67
"214","Nick Vigil","LB","CIN",65
"175","Marquis Flowers","LB","CIN",64
"180","Darien Harris","LB","CIN",62
"206","Trevor Roach","LB","CIN",61
"217","Andrew Whitworth","OL","CIN",93
"222","Kevin Zeitler","OL","CIN",89
"154","Clint Boling","OL","CIN",81
"201","Cedric Ogbuehi","OL","CIN",76
"220","Eric Winston","OL","CIN",76
"174","Jake Fisher","OL","CIN",75
"153","Russell Bodine","OL","CIN",69
"191","T.J. Johnson","OL","CIN",67
"185","Trey Hopkins","OL","CIN",65
"216","Christian Westerman","OL","CIN",65
"172","Aaron Epps","OL","CIN",62
"162","Alex Cooper","OL","CIN",59
"204","Alex Redmond","OL","CIN",57
"186","Kevin Huber","P","CIN",77
"164","Andy Dalton","QB","CIN",87
"199","A.J. McCarron","QB","CIN",73
"215","Keith Wenning","QB","CIN",63
"197","Joe Licata","QB","CIN",61
"151","Giovani Bernard","RB","CIN",86
"182","Jeremy Hill","RB","CIN",81
"181","Ryan Hewitt","RB","CIN",76
"159","Rex Burkhead","RB","CIN",72
"202","Cedric Peerman","RB","CIN",71
"160","Tra Carson","RB","CIN",62
"218","Shawn Williams","SS","CIN",75
"173","Clayton Fejedelem","SS","CIN",65
"171","Tyler Eifert","TE","CIN",90
"194","Tyler Kroft","TE","CIN",71
"213","C.J. Uzomah","TE","CIN",67
"179","Clark Harris","TE","CIN",56
"177","A.J. Green","WR","CIN",93
"195","Brandon LaFell","WR","CIN",77
"211","Brandon Tate","WR","CIN",71
"155","Tyler Boyd","WR","CIN",70
"163","Cody Core","WR","CIN",65
"221","James Wright","WR","CIN",63
"207","Alonzo Russell","WR","CIN",62
"149","Mario Alford","WR","CIN",59
"176","Antwane Grant","WR","CIN",59
"401","Joe Haden","CB","CLE",86
"442","Tramon Williams","CB","CLE",80
"441","K'Waun Williams","CB","CLE",77
"397","Justin Gilbert","CB","CLE",74
"437","Jamar Taylor","CB","CLE",70
"390","Pierre Desir","CB","CLE",69
"395","Charles Gaines","CB","CLE",67
"380","Trey Caldwell","CB","CLE",62
"431","Eric Patterson","CB","CLE",61
"379","Desmond Bryant","DL","CLE",77
"436","Danny Shelton","DL","CLE",72
"378","Armonty Bryant","DL","CLE",70
"406","John Hughes III","DL","CLE",70
"421","Jamie Meder","DL","CLE",69
"427","Carl Nassib","DL","CLE",69
"386","Xavier Cooper","DL","CLE",62
"404","Nick Hayden","DL","CLE",62
"371","Kenton Adeyemi","DL","CLE",60
"424","Rahim Moore Sr","FS","CLE",79
"413","Don Jones","FS","CLE",70
"433","Jordan Poyer","FS","CLE",70
"374","Sean Baker","FS","CLE",67
"385","Travis Coons","K","CLE",76
"426","Patrick Murray","K","CLE",72
"417","Paul Kruger","LB","CLE",85
"389","Demario Davis","LB","CLE",76
"422","Barkevious Mingo","LB","CLE",76
"416","Christian Kirksey","LB","CLE",74
"428","Emmanuel Ogbah","LB","CLE",72
"440","Justin Tuggle","LB","CLE",70
"444","Scooby Wright III","LB","CLE",68
"429","Nate Orchard","LB","CLE",67
"382","Tank Carder","LB","CLE",65
"435","Joe Schobert","LB","CLE",65
"409","Cam Johnson","LB","CLE",64
"372","Dominique Alexander","LB","CLE",58
"439","Joe Thomas","OL","CLE",97
"377","Joel Bitonio","OL","CLE",83
"399","John Greco","OL","CLE",77
"373","Alvin Bailey","OL","CLE",71
"430","Austin Pasztor","OL","CLE",71
"393","Cameron Erving","OL","CLE",68
"384","Shon Coleman","OL","CLE",67
"410","Kaleb Johnson","OL","CLE",67
"396","Garth Gerhart","OL","CLE",66
"392","Spencer Drango","OL","CLE",64
"418","Andy Lee","P","CLE",80
"400","Robert Griffin III","QB","CLE",73
"420","Josh McCown","QB","CLE",71
"414","Cody Kessler","QB","CLE",70
"388","Austin Davis","QB","CLE",69
"412","Duke Johnson Jr","RB","CLE",78
"387","Isaiah Crowell","RB","CLE",76
"425","Raheem Mostert","RB","CLE",67
"443","Glenn Winston","RB","CLE",64
"411","Malcolm Johnson","RB","CLE",61
"381","Ibraheim Campbell","SS","CLE",70
"415","Derrick Kindred","SS","CLE",65
"375","Gary Barnidge","TE","CLE",84
"438","Randall Telfer","TE","CLE",66
"376","E.J. Bibbs","TE","CLE",65
"391","Seth DeValve","TE","CLE",64
"407","Charley Hughlett","TE","CLE",51
"383","Corey Coleman","WR","CLE",78
"398","Josh Gordon","WR","CLE",76
"403","Andrew Hawkins","WR","CLE",72
"434","Terrelle Pryor Sr","WR","CLE",71
"394","Taylor Gabriel","WR","CLE",70
"423","Marlon Moore","WR","CLE",65
"419","Ricardo Louis","WR","CLE",64
"432","Jordan Payton","WR","CLE",64
"405","Rashard Higgins","WR","CLE",63
"402","Rannell Hall","WR","CLE",62
"408","Darius Jennings","WR","CLE",61
"869","Orlando Scandrick","CB","DAL",87
"822","Brandon Carr","CB","DAL",76
"824","Morris Claiborne","CB","DAL",70
"836","Isaiah Frey","CB","DAL",70
"818","Anthony Brown","CB","DAL",68
"865","Deji Olatoye","CB","DAL",66
"879","Josh Thomas","CB","DAL",66
"851","DeMarcus Lawrence","DL","DAL",81
"828","Tyrone Crawford","DL","DAL",80
"880","Cedric Thornton","DL","DAL",78
"840","Randy Gregory","DL","DAL",75
"859","Terrell McClain","DL","DAL",73
"826","Maliek Collins","DL","DAL",69
"857","Benson Mayowa","DL","DAL",68
"878","Charles Tapper","DL","DAL",68
"845","David Irving","DL","DAL",67
"827","Jack Crawford","DL","DAL",64
"868","Ryan Russell","DL","DAL",63
"864","Lawrence Okoye","DL","DAL",54
"848","Byron Jones","FS","DAL",81
"883","J.J. Wilcox","FS","DAL",79
"842","Jeff Heath","FS","DAL",73
"814","Dan Bailey","K","DAL",85
"853","Sean Lee","LB","DAL",89
"858","Rolando McClain","LB","DAL",81
"830","Justin Durant","LB","DAL",77
"871","Jaylon Smith","LB","DAL",76
"844","Anthony Hitchens","LB","DAL",74
"882","Kyle Wilber","LB","DAL",73
"837","Andrew Gachkar","LB","DAL",71
"843","Brandon Hepburn","LB","DAL",68
"885","Damien Wilson","LB","DAL",68
"863","Mark Nzeocha","LB","DAL",61
"875","Tyron Smith","OL","DAL",97
"855","Zack Martin","OL","DAL",92
"834","Travis Frederick","OL","DAL",91
"835","Doug Free","OL","DAL",80
"825","La'el Collins","OL","DAL",78
"852","Ronald Leary","OL","DAL",75
"816","Cameron Bradfield","OL","DAL",72
"839","Chaz Green","OL","DAL",68
"887","Bryan Witzmann","OL","DAL",66
"854","Joe Looney","OL","DAL",64
"817","Jake Brendel","OL","DAL",60
"849","Chris Jones","P","DAL",82
"867","Tony Romo","QB","DAL",86
"866","Dak Prescott","QB","DAL",71
"861","Kellen Moore","QB","DAL",69
"870","Jameill Showers","QB","DAL",56
"831","Ezekiel Elliott","RB","DAL",80
"860","Darren McFadden","RB","DAL",79
"862","Alfred Morris","RB","DAL",79
"829","Lance Dunbar","RB","DAL",76
"846","Darius Jackson","RB","DAL",67
"873","Rod Smith","RB","DAL",66
"872","Keith Smith","RB","DAL",54
"823","Barry Church","SS","DAL",82
"833","Kavon Frazier","SS","DAL",66
"886","Jason Witten","TE","DAL",87
"832","Gavin Escobar","TE","DAL",74
"841","James Hanna","TE","DAL",74
"877","Geoff Swaim","TE","DAL",64
"838","Rico Gathers","TE","DAL",60
"850","L.P. LaDouceur","TE","DAL",48
"820","Dez Bryant","WR","DAL",90
"884","Terrance Williams","WR","DAL",80
"815","Cole Beasley","WR","DAL",77
"821","Brice Butler","WR","DAL",71
"881","Lucky Whitehead","WR","DAL",71
"876","Devin Street","WR","DAL",68
"856","Vince Mayle","WR","DAL",66
"819","Chris Brown","WR","DAL",62
"847","Andy Jones","WR","DAL",60
"874","Rodney Smith","WR","DAL",59
"318","Chris Harris Jr","CB","DEN",93
"358","Aqib Talib","CB","DEN",90
"347","Bradley Roby","CB","DEN",83
"365","Kayvon Webster","CB","DEN",71
"308","Lorenzo Doss","CB","DEN",67
"339","Taurean Nixon","CB","DEN",61
"369","Derek Wolfe","DL","DEN",86
"361","Vance Walker","DL","DEN",74
"367","Sylvester Williams","DL","DEN",74
"304","Jared Crick","DL","DEN",70
"314","Adam Gotsis","DL","DEN",68
"368","Billy Winn","DL","DEN",67
"320","Calvin Heurtelou","DL","DEN",64
"370","Eddie Yarbrough","DL","DEN",62
"323","Shaneil Jenkins","DL","DEN",61
"325","Darius Kilgo","DL","DEN",61
"334","David Moala","DL","DEN",60
"356","Darian Stewart","FS","DEN",86
"348","Brandian Ross","FS","DEN",72
"354","Justin Simmons","FS","DEN",70
"332","Brandon McManus","K","DEN",82
"333","Von Miller","LB","DEN",99
"330","Brandon Marshall","LB","DEN",90
"363","DeMarcus Ware","LB","DEN",86
"299","Shaquil Barrett","LB","DEN",80
"346","Shane Ray","LB","DEN",73
"305","Todd Davis","LB","DEN",64
"364","Dekoda Watson","LB","DEN",63
"338","Corey Nelson","LB","DEN",61
"357","Sadat Sulleyman","LB","DEN",59
"307","Vontarrius Dora","LB","DEN",57
"341","Russell Okung","OL","DEN",82
"355","Donald Stephenson","OL","DEN",72
"342","Matt Paradis","OL","DEN",71
"312","Max Garcia","OL","DEN",70
"349","Ty Sambrailo","OL","DEN",70
"366","Darrion Weems","OL","DEN",69
"302","Sam Brenner","OL","DEN",68
"352","Michael Schofield","OL","DEN",68
"331","Connor McGovern","OL","DEN",66
"309","James Ferentz","OL","DEN",64
"317","Lars Hanson","OL","DEN",62
"336","Justin Murray","OL","DEN",60
"337","Robert Myers Jr","OL","DEN",59
"303","Britton Colquitt","P","DEN",80
"306","Riley Dixon","P","DEN",72
"329","Paxton Lynch","QB","DEN",73
"350","Mark Sanchez","QB","DEN",72
"353","Trevor Siemian","QB","DEN",61
"298","C.J. Anderson","RB","DEN",84
"321","Ronnie Hillman","RB","DEN",76
"301","Devontae Booker","RB","DEN",73
"360","Juwan Thompson","RB","DEN",71
"322","Andy Janovich","RB","DEN",68
"300","Kapri Bibbs","RB","DEN",64
"362","T.J. Ward","SS","DEN",85
"324","Shiloh Keo","SS","DEN",69
"335","Ryan Murphy","SS","DEN",69
"343","Will Parks","SS","DEN",68
"313","Antonio Glover","SS","DEN",62
"316","Virgil Green","TE","DEN",80
"315","Garrett Graham","TE","DEN",71
"319","Jeff Heuerman","TE","DEN",70
"344","John Phillips","TE","DEN",70
"327","Henry Krieger-Coble","TE","DEN",61
"326","Casey  Kreiter","TE","DEN",40
"351","Emmanuel Sanders","WR","DEN",88
"359","Demaryius Thomas","WR","DEN",88
"310","Bennie Fowler","WR","DEN",71
"340","Jordan Norwood","WR","DEN",70
"328","Cody Latimer","WR","DEN",68
"345","DeVier Posey","WR","DEN",66
"311","Mose Frazier","WR","DEN",63
"297","Bralon Addison","WR","DEN",60
"1386","Darius Slay","CB","DET",90
"1348","Quandre Diggs","CB","DET",74
"1365","Nevin Lawson","CB","DET",70
"1394","Darrin Walls","CB","DET",69
"1339","Crezdon Butler","CB","DET",68
"1343","Alex Carter","CB","DET",67
"1397","Ian Wells","CB","DET",63
"1333","Ezekiel Ansah","DL","DET",90
"1371","Haloti Ngata","DL","DET",82
"1354","Wallace Gilberry","DL","DET",74
"1382","A'Shawn Robinson","DL","DET",72
"1390","Devin Taylor","DL","DET",72
"1393","Tyrunn Walker","DL","DET",72
"1402","Gabe Wright","DL","DET",69
"1344","Stefan Charles","DL","DET",68
"1377","Caraun Reid","DL","DET",67
"1405","Anthony Zettel","DL","DET",66
"1376","Glover Quin","FS","DET",83
"1338","Rafael Bush","FS","DET",77
"1334","Johnson Bademosi","FS","DET",74
"1375","Matt Prater","K","DET",81
"1367","DeAndre Levy","LB","DET",87
"1398","Tahir Whitehead","LB","DET",83
"1340","Josh Bynes","LB","DET",79
"1392","Kyle Van Noy","LB","DET",72
"1357","Khaseem Greene","LB","DET",71
"1336","Jon Bostic","LB","DET",68
"1356","Zaviar Gooden","LB","DET",67
"1399","Antwione Williams","LB","DET",65
"1345","Brandon Copeland","LB","DET",64
"1351","Jerry Franklin","LB","DET",63
"1378","Riley Reiff","OL","DET",83
"1385","Geoff Schwartz","OL","DET",81
"1347","Taylor Decker","OL","DET",76
"1372","Michael Ola","OL","DET",74
"1395","Larry Warford","OL","DET",74
"1368","Cornelius Lucas","OL","DET",70
"1355","Graham Glasgow","OL","DET",69
"1383","Corey Robinson","OL","DET",69
"1391","Laken Tomlinson","OL","DET",69
"1388","Travis Swanson","OL","DET",67
"1346","Joe Dahl","OL","DET",65
"1358","Gabe Ikard","OL","DET",65
"1350","Chase Farris","OL","DET",59
"1369","Sam Martin","P","DET",80
"1387","Matthew Stafford","QB","DET",85
"1373","Dan Orlovsky","QB","DET",66
"1384","Jake Rudock","QB","DET",64
"1337","Michael Burton","RB","DET",83
"1379","Theo Riddick","RB","DET",81
"1332","Ameer Abdullah","RB","DET",78
"1380","Stevan Ridley","RB","DET",71
"1404","Zach Zenner","RB","DET",69
"1401","George Winn","RB","DET",68
"1396","Dwayne Washington","RB","DET",65
"1400","Tavon Wilson","SS","DET",73
"1342","Don Carey","SS","DET",70
"1363","Miles Killebrew","SS","DET",68
"1359","Isaiah Johnson","SS","DET",61
"1349","Eric Ebron","TE","DET",76
"1374","Brandon Pettigrew","TE","DET",74
"1403","Timothy Wright","TE","DET",71
"1352","Adam Fuehne","TE","DET",64
"1370","Don Muhlbach","TE","DET",50
"1364","Jimmy Landes","TE","DET",46
"1389","Golden Tate III","WR","DET",89
"1360","Marvin Jones","WR","DET",82
"1335","Anquan Boldin","WR","DET",79
"1362","Jeremy Kerley","WR","DET",72
"1381","Andre Roberts","WR","DET",71
"1341","Andre Caldwell","WR","DET",70
"1353","Corey Fuller","WR","DET",70
"1361","T.J. Jones","WR","DET",66
"1366","Jay Lee","WR","DET",60
"1472","Sam Shields","CB","GB",86
"1465","Damarious Randall","CB","GB",77
"1470","Quinten Rollins","CB","GB",73
"1436","Demetri Goodson","CB","GB",68
"1438","LaDarius Gunter","CB","GB",64
"1439","Josh Hawkins","CB","GB",62
"1430","Makinton Dorleant","CB","GB",61
"1428","Mike Daniels","DL","GB",92
"1422","Kenny Clark","DL","GB",73
"1437","Letroy Guion","DL","GB",68
"1460","Mike Pennel","DL","GB",66
"1452","Dean Lowry","DL","GB",65
"1466","Christian Ringo","DL","GB",64
"1447","Tyler Kuder","DL","GB",62
"1464","Brian Price","DL","GB",59
"1409","Demetris Anderson","DL","GB",57
"1423","Ha Ha Clinton-Dix","FS","GB",83
"1442","Micah Hyde","FS","GB",80
"1432","Marwin Evans","FS","GB",63
"1427","Mason Crosby","K","GB",81
"1455","Clay Matthews","LB","GB",89
"1461","Julius Peppers","LB","GB",86
"1463","Nick Perry","LB","GB",81
"1414","Sam Barrington","LB","GB",73
"1446","Datone Jones","LB","GB",72
"1456","Lerentee McCray","LB","GB",71
"1471","Jake Ryan","LB","GB",70
"1477","Joe Thomas","LB","GB",70
"1415","Carl Bradford","LB","GB",68
"1431","Jayrone Elliott","LB","GB",68
"1433","Kyler Fackrell","LB","GB",68
"1453","Blake Martinez","LB","GB",67
"1417","Beniquez Brown","LB","GB",59
"1435","Reggie Gilbert","LB","GB",57
"1449","T.J. Lang","OL","GB",91
"1473","Josh Sitton","OL","GB",91
"1450","Corey Linsley","OL","GB",80
"1411","David Bakhtiari","OL","GB",79
"1418","Bryan Bulaga","OL","GB",79
"1478","J.C. Tretter","OL","GB",76
"1474","Jason Spriggs","OL","GB",70
"1476","Lane Taylor","OL","GB",67
"1458","Kyle Murphy","OL","GB",66
"1413","Don Barclay","OL","GB",65
"1479","Josh Walker","OL","GB",62
"1444","Josh James","OL","GB",59
"1434","Jacob Flores","OL","GB",58
"1454","Tim Masthay","P","GB",74
"1468","Aaron Rodgers","QB","GB",96
"1441","Brett Hundley","QB","GB",70
"1421","Joe Callahan","QB","GB",62
"1448","Eddie Lacy","RB","GB",83
"1475","James Starks","RB","GB",79
"1467","Aaron Ripkowski","RB","GB",71
"1426","John Crockett","RB","GB",67
"1419","Brandon Burks","RB","GB",61
"1443","Don Jackson","RB","GB",60
"1420","Morgan Burnett","SS","GB",85
"1412","Chris Banjo","SS","GB",72
"1416","Kentrell Brice","SS","GB",63
"1425","Jared Cook","TE","GB",80
"1469","Richard Rodgers","TE","GB",79
"1440","Mitchell Henry","TE","GB",69
"1462","Justin Perillo","TE","GB",68
"1410","Kennard Backman","TE","GB",65
"1451","Rick Lovato","TE","GB",42
"1459","Jordy Nelson","WR","GB",89
"1424","Randall Cobb","WR","GB",86
"1407","Davante Adams","WR","GB",75
"1457","Ty Montgomery","WR","GB",71
"1445","Jeff Janis","WR","GB",69
"1406","Jared Abbrederis","WR","GB",68
"1429","Trevor Davis","WR","GB",64
"1408","Geronimo Allison","WR","GB",61
"2179","Johnathan Joseph","CB","HOU",91
"2176","Kareem Jackson","CB","HOU",78
"2178","Kevin Johnson","CB","HOU",74
"2151","A.J. Bouye","CB","HOU",73
"2177","Charles James II","CB","HOU",72
"2193","Robert Nelson","CB","HOU",67
"2212","J.J. Watt","DL","HOU",99
"2215","Vince Wilfork","DL","HOU",84
"2163","Brandon Dunn","DL","HOU",68
"2207","Devon Still","DL","HOU",67
"2157","Christian Covington","DL","HOU",66
"2201","D.J. Reader","DL","HOU",65
"2197","Jeoffrey Pagan","DL","HOU",63
"2180","Ufomba Kamalu","DL","HOU",59
"2172","Joel Heath","DL","HOU",57
"2144","Antonio Allen","FS","HOU",79
"2171","Andre Hal","FS","HOU",77
"2147","Lonnie Ballentine","FS","HOU",68
"2195","Nick Novak","K","HOU",81
"2165","Ka'imi Fairbairn","K","HOU",71
"2188","Whitney Mercilus","LB","HOU",88
"2156","Jadeveon Clowney","LB","HOU",83
"2158","Brian Cushing","LB","HOU",81
"2187","Benardrick McKinney","LB","HOU",77
"2160","Akeem Dent","LB","HOU",74
"2205","John Simon","LB","HOU",74
"2153","Max Bullough","LB","HOU",68
"2210","Carlos Thompson","LB","HOU",62
"2198","Brian Peters","LB","HOU",61
"2202","Gerald Rivers","LB","HOU",61
"2155","Reshard Cliett","LB","HOU",54
"2152","Duane Brown","OL","HOU",86
"2194","Derek Newton","OL","HOU",82
"2145","Jeff Allen","OL","HOU",78
"2154","Chris Clark","OL","HOU",75
"2143","Jeff Adams","OL","HOU",73
"2185","Nick Martin","OL","HOU",73
"2209","Xavier Su'a-Filo","OL","HOU",71
"2186","Andrew McDonald","OL","HOU",70
"2149","Tony Bergstrom","OL","HOU",69
"2167","Dalton Freeman","OL","HOU",69
"2142","Oday Aboushi","OL","HOU",68
"2181","Kendall Lamm","OL","HOU",66
"2184","Greg Mancz","OL","HOU",63
"2206","Chad Slade","OL","HOU",63
"2148","Karim Barton","OL","HOU",60
"2182","Shane Lechler","P","HOU",77
"2196","Brock Osweiler","QB","HOU",77
"2213","Brandon Weeden","QB","HOU",72
"2203","Tom Savage","QB","HOU",65
"2190","Lamar Miller","RB","HOU",88
"2200","Jay Prosch","RB","HOU",81
"2150","Alfred Blue","RB","HOU",76
"2170","Jonathan Grimes","RB","HOU",73
"2164","Tyler Ervin","RB","HOU",67
"2175","Akeem Hunt","RB","HOU",64
"2173","Kenny Hilliard","RB","HOU",62
"2159","Quintin Demps","SS","HOU",75
"2199","Eddie Pleasant","SS","HOU",70
"2161","K.J. Dillon","SS","HOU",67
"2162","Kurtis Drummond","SS","HOU",67
"2191","Corey Moore","SS","HOU",62
"2166","C.J. Fiedorowicz","TE","HOU",77
"2169","Ryan Griffin","TE","HOU",72
"2211","Eric Tomlinson","TE","HOU",64
"2146","Stephen Anderson","TE","HOU",63
"2214","Jon Weeks","TE","HOU",42
"2174","DeAndre Hopkins","WR","HOU",93
"2168","Will Fuller V","WR","HOU",74
"2204","Cecil Shorts III","WR","HOU",73
"2208","Jaelen Strong","WR","HOU",73
"2189","Braxton Miller","WR","HOU",71
"2192","Keith Mumphery","WR","HOU",63
"2183","Josh Lenz","WR","HOU",58
"756","Vontae Davis","CB","IND",91
"798","Patrick Robinson","CB","IND",78
"751","Darius Butler","CB","IND",72
"799","D'Joun Smith","CB","IND",69
"750","Jalil Brown","CB","IND",67
"762","Tay Glover-Wright","CB","IND",67
"787","Tevin Mitchel","CB","IND",64
"812","Darius White","CB","IND",59
"776","Kendall Langford","DL","IND",80
"743","Henry Anderson","DL","IND",76
"775","Zach Kerr","DL","IND",73
"773","Arthur Jones","DL","IND",71
"794","David Parry","DL","IND",68
"797","Hassan Ridgeway","DL","IND",68
"778","Ricky Lumpkin","DL","IND",66
"783","T.Y. McGill","DL","IND",61
"745","Sterling Bailey","DL","IND",59
"795","Kelcy Quarles","DL","IND",59
"792","Earl Okine","DL","IND",56
"766","T.J. Green","FS","IND",71
"761","Clayton Geathers","FS","IND",70
"767","Winston Guy Jr","FS","IND",69
"809","Adam Vinatieri","K","IND",84
"780","Robert Mathis","LB","IND",83
"755","Trent Cole","LB","IND",82
"772","D'Qwell Jackson","LB","IND",79
"811","Erik Walden","LB","IND",78
"771","Nate Irving","LB","IND",76
"789","Sio Moore","LB","IND",72
"785","Josh McNary","LB","IND",71
"791","Antonio Morrison","LB","IND",65
"746","Trevor Bates","LB","IND",61
"803","Ron Thompson","LB","IND",58
"779","Curt Maggitt","LB","IND",57
"786","Jack Mewhort","OL","IND",85
"752","Anthony Castonzo","OL","IND",81
"796","Joe Reitz","OL","IND",79
"774","Ryan Kelly","OL","IND",76
"769","Jonotthan Harrison","OL","IND",73
"804","Hugh Thornton","OL","IND",72
"753","Le'Raven Clark","OL","IND",69
"763","Denzelle Good","OL","IND",69
"768","Joe Haeg","OL","IND",69
"808","Mitchell Van Dyk","OL","IND",65
"765","Kevin Graf","OL","IND",64
"747","Austin Blythe","OL","IND",63
"810","Jeremy Vujnovich","OL","IND",63
"781","Pat McAfee","P","IND",86
"777","Andrew Luck","QB","IND",88
"806","Scott Tolzien","QB","IND",67
"790","Stephen Morris","QB","IND",62
"764","Frank Gore","RB","IND",79
"807","Robert Turbin","RB","IND",75
"805","Jordan Todman","RB","IND",70
"760","Josh Ferguson","RB","IND",63
"813","Trey Williams","RB","IND",60
"741","Mike Adams","SS","IND",78
"801","Dezmen Southward","SS","IND",66
"782","Stefan McClure","SS","IND",60
"742","Dwayne Allen","TE","IND",80
"759","Jack Doyle","TE","IND",72
"754","Chase Coffman","TE","IND",68
"802","Erik Swoope","TE","IND",58
"793","Matt Overton","TE","IND",43
"770","T.Y. Hilton","WR","IND",89
"788","Donte Moncrief","WR","IND",78
"758","Phillip Dorsett","WR","IND",72
"748","Josh Boyce","WR","IND",64
"749","Quan Bray","WR","IND",64
"784","Mekale McKay","WR","IND",63
"800","Tevaun Smith","WR","IND",63
"744","Daniel Anthrop","WR","IND",60
"757","Andre Debose","WR","IND",52
"1238","Jalen Ramsey","CB","JAX",82
"1186","Prince Amukamara","CB","JAX",81
"1196","Aaron Colvin","CB","JAX",78
"1210","Davon House","CB","JAX",78
"1206","Dwayne Gratz","CB","JAX",74
"1226","Demetrius McCray","CB","JAX",73
"1225","Nick Marshall","CB","JAX",62
"1214","Malik Jackson","DL","JAX",86
"1224","Sen'Derrick Marks","DL","JAX",78
"1227","Roy Miller III","DL","JAX",78
"1231","Jared Odrick","DL","JAX",78
"1203","Dante Fowler Jr","DL","JAX",77
"1253","Bjoern Werner","DL","JAX",74
"1185","Tyson Alualu","DL","JAX",73
"1229","Yannick Ngakoue","DL","JAX",69
"1199","Sheldon Day","DL","JAX",68
"1217","Abry Jones","DL","JAX",68
"1209","Tyrone Holmes","DL","JAX",67
"1244","Chris Smith","DL","JAX",67
"1190","Michael Bennett","DL","JAX",66
"1255","Jonathan Woodard","DL","JAX",63
"1204","Tashaun Gipson","FS","JAX",77
"1248","Peyton Thompson","FS","JAX",62
"1228","Jason Myers","K","JAX",77
"1245","Telvin Smith","LB","JAX",80
"1243","Dan Skuta","LB","JAX",79
"1235","Paul Posluszny","LB","JAX",78
"1188","Joplo Bartu","LB","JAX",74
"1213","Myles Jack","LB","JAX",73
"1198","Ryan Davis","LB","JAX",68
"1234","Sean Porter","LB","JAX",68
"1236","Hayes Pullard III","LB","JAX",66
"1250","Jordan Tripp","LB","JAX",65
"1187","Thurston Armbrister","LB","JAX",61
"1189","Kelvin Beachum","OL","JAX",82
"1216","Luke Joeckel","OL","JAX",79
"1233","Jermey Parnell","OL","JAX",77
"1194","Luke Bowanko","OL","JAX",76
"1222","Brandon Linder","OL","JAX",76
"1191","Mackenzy Bernadeau","OL","JAX",74
"1223","Jeff Linkenbach","OL","JAX",72
"1232","Patrick Omameh","OL","JAX",72
"1252","Josh Wells","OL","JAX",71
"1195","A.J. Cann","OL","JAX",70
"1242","Tyler Shatley","OL","JAX",66
"1200","Kadeem Edwards","OL","JAX",64
"1230","Brad Nortman","P","JAX",81
"1237","Ryan Quigley","P","JAX",80
"1193","Blake Bortles","QB","JAX",82
"1208","Chad Henne","QB","JAX",69
"1184","Brandon Allen","QB","JAX",65
"1212","Chris Ivory","RB","JAX",82
"1257","T.J. Yeldon","RB","JAX",80
"1240","Denard Robinson","RB","JAX",73
"1205","Corey Grant","RB","JAX",59
"1197","Johnathan Cyprien","SS","JAX",76
"1201","Josh Evans","SS","JAX",71
"1241","James Sample","SS","JAX",69
"1254","Earl Wolff","SS","JAX",67
"1247","Julius Thomas","TE","JAX",83
"1221","Marcedes Lewis","TE","JAX",76
"1215","Nic Jacobs","TE","JAX",71
"1218","Ben Koyack","TE","JAX",64
"1249","Carson Tinker","TE","JAX",45
"1239","Allen Robinson","WR","JAX",88
"1211","Allen Hurns","WR","JAX",85
"1220","Marqise Lee","WR","JAX",71
"1207","Rashad Greene","WR","JAX",70
"1251","Bryan Walters","WR","JAX",70
"1192","Justin Blackmon","WR","JAX",68
"1202","Shaq Evans","WR","JAX",63
"1219","Rashad Lawrence","WR","JAX",59
"1246","Neal Sterling","WR","JAX",57
"1256","Shane Wynn","WR","JAX",52
"718","Marcus Peters","CB","KC",82
"688","Phillip Gaines","CB","KC",75
"676","Marcus Cooper","CB","KC",71
"711","Steven Nelson","CB","KC",70
"723","KeiVarae Russell","CB","KC",70
"710","Eric Murray","CB","KC",68
"734","D.J. White","CB","KC",63
"672","Deveron Carr","CB","KC",59
"719","Dontari Poe","DL","KC",85
"695","Jaye Howard","DL","KC",83
"668","Allen Bailey","DL","KC",79
"697","Chris Jones","DL","KC",72
"736","Nick Williams","DL","KC",68
"700","David King","DL","KC",67
"714","Rakeem Nunez-Roches","DL","KC",60
"729","Jimmy Staten","DL","KC",56
"669","Eric Berry","FS","KC",93
"728","Daniel Sorensen","FS","KC",69
"677","Akeem Davis","FS","KC",67
"724","Cairo Santos","K","KC",76
"694","Justin Houston","LB","KC",97
"689","Tamba Hali","LB","KC",90
"696","Derrick Johnson","LB","KC",90
"704","Josh Mauga","LB","KC",77
"685","Dee Ford","LB","KC",73
"702","Jonathan Massaquoi","LB","KC",72
"740","Frank Zombo","LB","KC",71
"707","Andy Mulumba","LB","KC",67
"706","Dezman Moses","LB","KC",65
"738","Ramik Wilson","LB","KC",65
"712","Dadi Nicolas","LB","KC",63
"667","D.J. Alexander","LB","KC",56
"725","Mitchell Schwartz","OL","KC",86
"682","Eric Fisher","OL","KC",78
"680","Laurent Duvernay-Tardif","OL","KC",73
"705","Mitch Morse","OL","KC",73
"721","Jah Reid","OL","KC",72
"686","Reid Fragel","OL","KC",69
"687","Zach Fulton","OL","KC",68
"681","Parker Ehinger","OL","KC",66
"713","Drew Nowak","OL","KC",66
"679","Jordan Devey","OL","KC",65
"720","Jarrod Pughsley","OL","KC",64
"708","Daniel Munyer","OL","KC",63
"674","Dustin Colquitt","P","KC",82
"727","Alex Smith","QB","KC",82
"684","Nick Foles","QB","KC",70
"693","Kevin Hogan","QB","KC",67
"709","Aaron Murray","QB","KC",63
"670","Tyler Bray","QB","KC",62
"673","Jamaal Charles","RB","KC",89
"726","Anthony Sherman","RB","KC",81
"732","Spencer Ware","RB","KC",75
"733","Charcandrick West","RB","KC",75
"678","Knile Davis","RB","KC",73
"717","Ron Parker","SS","KC",81
"671","Stevie Brown","SS","KC",77
"683","Jamell Fleming","SS","KC",66
"699","Travis Kelce","TE","KC",88
"715","James O'Shaughnessy","TE","KC",68
"691","Demetrius Harris","TE","KC",66
"716","Brian Parker","TE","KC",65
"739","James Winchester","TE","KC",43
"701","Jeremy Maclin","WR","KC",86
"737","Albert Wilson","WR","KC",74
"730","Rod Streater","WR","KC",72
"731","De'Anthony Thomas","WR","KC",71
"735","Mike Williams","WR","KC",71
"675","Chris Conley","WR","KC",70
"692","Tyreek Hill","WR","KC",65
"722","Demarcus Robinson","WR","KC",65
"690","Frankie Hammond","WR","KC",63
"698","Seantavius Jones","WR","KC",60
"703","Mitch Mathews","WR","KC",60
"1736","Trumaine Johnson","CB","LA",80
"1724","E.J. Gaines","CB","LA",79
"1738","Lamarcus Joyner","CB","LA",75
"1763","Coty Sensabaugh","CB","LA",71
"1759","Marcus Roberson","CB","LA",70
"1735","Troy Hill","CB","LA",60
"1737","Mike Jordan","CB","LA",59
"1719","Aaron Donald","DL","LA",98
"1755","Robert Quinn","DL","LA",89
"1730","William Hayes","DL","LA",85
"1709","Michael Brockers","DL","LA",79
"1715","Quinton Coples","DL","LA",76
"1721","Dominique Easley","DL","LA",74
"1764","Eugene Sims","DL","LA",69
"1766","Cam Thomas","DL","LA",66
"1770","Ethan Westbrooks","DL","LA",66
"1743","Matt Longacre","DL","LA",63
"1769","Louis Trinca-Pasat","DL","LA",58
"1718","Cody Davis","FS","LA",68
"1742","Jordan Lomax","FS","LA",60
"1773","Greg Zuerlein","K","LA",78
"1707","Taylor Bertolet","K","LA",65
"1753","Alec Ogletree","LB","LA",79
"1703","Akeem Ayers","LB","LA",77
"1705","Mark Barron","LB","LA",75
"1723","Josh Forrest","LB","LA",63
"1713","Brandon Chubb","LB","LA",60
"1727","Bryce Hager","LB","LA",60
"1744","Cameron Lynch","LB","LA",60
"1762","Ian Seau","LB","LA",59
"1757","Garrett Reynolds","OL","LA",78
"1760","Greg Robinson","OL","LA",77
"1761","Rodger Saffold III","OL","LA",73
"1729","Rob Havenstein","OL","LA",72
"1704","Tim Barnes","OL","LA",69
"1706","Isaiah Battle","OL","LA",68
"1710","Jamon Brown","OL","LA",68
"1722","Brian Folkerts","OL","LA",67
"1741","Eric Kush","OL","LA",66
"1772","Darrell Williams","OL","LA",65
"1720","Andrew Donnal","OL","LA",64
"1771","Cody Wichmann","OL","LA",64
"1701","David Arkin","OL","LA",63
"1758","Demetrius Rhaney","OL","LA",62
"1731","Johnny Hekker","P","LA",82
"1725","Jared Goff","QB","LA",77
"1739","Case Keenum","QB","LA",75
"1746","Sean Mannion","QB","LA",63
"1768","Dylan Thompson","QB","LA",61
"1726","Todd Gurley II","RB","LA",85
"1728","Cory Harkey","RB","LA",80
"1748","Tre Mason","RB","LA",78
"1716","Benny Cunningham","RB","LA",74
"1745","Terrence Magee","RB","LA",69
"1756","Chase Reynolds","RB","LA",67
"1711","Malcolm Brown","RB","LA",66
"1749","T.J. McDonald Jr","SS","LA",83
"1700","Maurice Alexander","SS","LA",69
"1712","Christian Bryant","SS","LA",64
"1740","Lance Kendricks","TE","LA",75
"1733","Tyler Higbee","TE","LA",70
"1717","Justice Cunningham","TE","LA",68
"1765","Jake Stoneburner","TE","LA",68
"1732","Temarrick Hemingway","TE","LA",63
"1750","Jake McQuaide","TE","LA",44
"1702","Tavon Austin","WR","LA",80
"1708","Kenny Britt","WR","LA",80
"1754","Brian Quick","WR","LA",74
"1714","Pharoh Cooper","WR","LA",63
"1747","Bradley Marquez","WR","LA",63
"1752","Marquez North","WR","LA",63
"1767","Mike Thomas","WR","LA",63
"1734","Austin Hill","WR","LA",62
"1751","Paul McRoberts","WR","LA",62
"930","Byron Maxwell","CB","MIA",76
"899","Chris Culliver","CB","MIA",72
"915","Xavien Howard","CB","MIA",72
"912","Brandon Harris","CB","MIA",71
"931","Bobby McCain","CB","MIA",71
"933","Rashaan Melvin","CB","MIA",69
"897","Chimdi Chekwa","CB","MIA",68
"927","Tony Lippett","CB","MIA",65
"929","Jordan Lucas","CB","MIA",64
"928","Al Louis-Jean","CB","MIA",62
"946","Ndamukong Suh","DL","MIA",93
"956","Cameron Wake","DL","MIA",89
"960","Mario Williams","DL","MIA",81
"923","Jason Jones","DL","MIA",77
"935","Earl Mitchell","DL","MIA",74
"893","Andre Branch","DL","MIA",70
"932","Chris McCain","DL","MIA",69
"925","Dion Jordan","DL","MIA",68
"906","Terrence Fede","DL","MIA",66
"921","Chris Jones","DL","MIA",65
"941","Jordan Phillips","DL","MIA",63
"898","Deandre Coleman","DL","MIA",62
"959","Jordan Williams","DL","MIA",59
"951","Charles Tuaau","DL","MIA",56
"888","Isa Abdul-Quddus","FS","MIA",76
"950","Michael Thomas","FS","MIA",74
"889","Walt Aikens","FS","MIA",71
"908","Andrew Franks","K","MIA",76
"934","Koa Misi","LB","MIA",85
"918","Jelani Jenkins","LB","MIA",78
"892","Kiko Alonso","LB","MIA",76
"920","James-Michael Johnson","LB","MIA",72
"939","Spencer Paysinger","LB","MIA",70
"914","Neville Hewitt","LB","MIA",66
"916","Mike Hull","LB","MIA",61
"955","Zach Vigil","LB","MIA",59
"894","Jermon Bushrod","OL","MIA",81
"942","Mike Pouncey","OL","MIA",81
"891","Branden Albert","OL","MIA",80
"952","Laremy Tunsil","OL","MIA",78
"917","Ja'Wuan James","OL","MIA",75
"954","Kraig Urbik","OL","MIA",72
"919","Ulrick John","OL","MIA",71
"961","Sam Young","OL","MIA",70
"953","Billy Turner","OL","MIA",68
"948","Dallas Thomas","OL","MIA",66
"937","Vinston Painter","OL","MIA",65
"944","Anthony Steen","OL","MIA",62
"900","Matt Darr","P","MIA",76
"947","Ryan Tannehill","QB","MIA",79
"936","Matt Moore","QB","MIA",69
"902","Brandon Doughty","QB","MIA",63
"905","Zac Dysert","QB","MIA",61
"907","Arian Foster","RB","MIA",81
"890","Jay Ajayi","RB","MIA",75
"949","Daniel Thomas","RB","MIA",72
"958","Damien Williams","RB","MIA",72
"903","Kenyan Drake","RB","MIA",70
"940","Isaiah Pead","RB","MIA",67
"924","Reshad Jones","SS","MIA",93
"909","Shamiel Gary","SS","MIA",64
"895","Jordan Cameron","TE","MIA",81
"943","Dion Sims","TE","MIA",75
"911","MarQueis Gray","TE","MIA",69
"922","Dominique Jones","TE","MIA",65
"904","Thomas Duarte","TE","MIA",63
"901","John Denney","TE","MIA",48
"926","Jarvis Landry","WR","MIA",87
"938","DeVante Parker","WR","MIA",77
"945","Kenny Stills","WR","MIA",74
"896","Leonte Carroo","WR","MIA",70
"957","Griff Whalen","WR","MIA",70
"910","Jakeem Grant","WR","MIA",66
"913","Matt Hazel","WR","MIA",64
"2335","Terence Newman","CB","MIN",80
"2342","Xavier Rhodes","CB","MIN",80
"2290","Mackensie Alexander","CB","MIN",75
"2334","Captain Munnerlyn","CB","MIN",75
"2360","Trae Waynes","CB","MIN",73
"2348","Marcus Sherels","CB","MIN",69
"2340","Jabari Price","CB","MIN",65
"2362","Melvin White","CB","MIN",65
"2312","Everson Griffen","DL","MIN",89
"2321","Linval Joseph","DL","MIN",89
"2309","Sharrif Floyd","DL","MIN",83
"2344","Brian Robison","DL","MIN",79
"2318","Danielle Hunter","DL","MIN",72
"2320","Tom Johnson","DL","MIN",72
"2302","Scott Crichton","DL","MIN",71
"2306","Kenrick Ellis","DL","MIN",71
"2353","Shamar Stephen","DL","MIN",65
"2356","Justin Trattou","DL","MIN",65
"2332","Zach Moore","DL","MIN",64
"2304","B.J. Dubose","DL","MIN",63
"2361","Stephen Weatherly","DL","MIN",63
"2351","Harrison Smith","FS","MIN",94
"2308","Antone Exum Jr","FS","MIN",72
"2314","Anthony Harris","FS","MIN",68
"2358","Blair Walsh","K","MIN",81
"2292","Anthony Barr","LB","MIN",88
"2311","Chad Greenway","LB","MIN",78
"2324","Eric Kendricks","LB","MIN",76
"2326","Emmanuel Lamur","LB","MIN",72
"2301","Audie Cole","LB","MIN",67
"2298","Kentrell Brothers","LB","MIN",66
"2359","Brandon Watts","LB","MIN",64
"2338","Terrance Plummer","LB","MIN",57
"2343","Edmond Robinson","LB","MIN",56
"2354","John Sullivan","OL","MIN",86
"2294","Joe Berger","OL","MIN",83
"2296","Alex Boone","OL","MIN",81
"2322","Matt Kalil","OL","MIN",80
"2350","Andre Smith","OL","MIN",77
"2315","Mike Harris","OL","MIN",74
"2310","Brandon Fusco","OL","MIN",73
"2293","Willie Beavers","OL","MIN",69
"2300","T.J. Clemmings","OL","MIN",69
"2347","Austin Shepherd","OL","MIN",63
"2325","Zac Kerin","OL","MIN",62
"2349","Jeremiah Sirles","OL","MIN",62
"2305","Nick Easton","OL","MIN",60
"2329","Jeff Locke","P","MIN",74
"2297","Teddy Bridgewater","QB","MIN",81
"2317","Shaun Hill","QB","MIN",68
"2352","Joel Stave","QB","MIN",63
"2316","Taylor Heinicke","QB","MIN",60
"2337","Adrian Peterson","RB","MIN",91
"2331","Jerick McKinnon","RB","MIN",76
"2291","Matt Asiata","RB","MIN",73
"2328","Zach Line","RB","MIN",72
"2339","Jhurell Pressley","RB","MIN",65
"2346","Andrew Sendejo","SS","MIN",78
"2313","Michael Griffin","SS","MIN",76
"2323","Jayron Kearse","SS","MIN",64
"2345","Kyle Rudolph","TE","MIN",81
"2341","MyCole Pruitt","TE","MIN",74
"2307","Rhett Ellison","TE","MIN",72
"2333","David Morgan","TE","MIN",67
"2327","Brian Leonhardt","TE","MIN",66
"2299","Kyle Carter","TE","MIN",58
"2330","Kevin McDermott","TE","MIN",50
"2303","Stefon Diggs","WR","MIN",79
"2357","Laquon Treadwell","WR","MIN",75
"2363","Jarius Wright","WR","MIN",75
"2319","Charles Johnson","WR","MIN",74
"2336","Cordarrelle Patterson","WR","MIN",70
"2355","Adam Thielen","WR","MIN",69
"2295","Moritz Boehringer","WR","MIN",62
"1566","Malcolm Butler","CB","NE",85
"1613","Logan Ryan","CB","NE",84
"1593","Cyrus Jones","CB","NE",71
"1558","E.J. Biggers","CB","NE",70
"1570","Justin Coleman","CB","NE",67
"1611","Darryl Roberts","CB","NE",64
"1594","Jonathan Jones","CB","NE",62
"1614","Jabaal Sheard","DL","NE",88
"1598","Terrance Knighton","DL","NE",83
"1562","Alan Branch","DL","NE",77
"1601","Chris Long","DL","NE",77
"1565","Malcom Brown","DL","NE",71
"1620","Joe Vellano","DL","NE",70
"1578","Trey Flowers","DL","NE",68
"1599","Markus Kuhn","DL","NE",67
"1619","Vincent Valentine","DL","NE",67
"1583","Geneo Grissom","DL","NE",63
"1596","Frank Kearse","DL","NE",63
"1606","Devin McCourty","FS","NE",91
"1621","Brock Vereen","FS","NE",70
"1610","Jordan Richards","FS","NE",69
"1582","Stephen Gostkowski","K","NE",85
"1588","Dont'a Hightower","LB","NE",90
"1571","Jamie Collins","LB","NE",88
"1609","Rob Ninkovich","LB","NE",82
"1605","Shea McClellin","LB","NE",77
"1580","Jonathan Freeny","LB","NE",69
"1590","Ramon Humber","LB","NE",68
"1592","Rufus Johnson","LB","NE",65
"1612","Elandon Roberts","LB","NE",65
"1616","Nate Solder","OL","NE",84
"1622","Sebastian Vollmer","OL","NE",84
"1572","Jonathan Cooper","OL","NE",76
"1567","Marcus Cannon","OL","NE",74
"1604","Shaq Mason","OL","NE",74
"1617","Bryan Stork","OL","NE",73
"1597","Josh Kline","OL","NE",72
"1555","David Andrews","OL","NE",71
"1591","Tre Jackson","OL","NE",71
"1618","Joe Thuney","OL","NE",70
"1623","LaAdrian Waddle","OL","NE",70
"1577","Cameron Fleming","OL","NE",69
"1595","Ted Karras","OL","NE",66
"1556","Chris Barker","OL","NE",65
"1607","Keavon Milton","OL","NE",64
"1553","Ryan Allen","P","NE",78
"1561","Tom Brady","QB","NE",94
"1581","Jimmy Garoppolo","QB","NE",72
"1563","Jacoby Brissett","QB","NE",70
"1573","James Develin","RB","NE",83
"1559","LeGarrette Blount","RB","NE",81
"1600","Dion Lewis","RB","NE",80
"1564","Donald Brown","RB","NE",76
"1625","James White","RB","NE",75
"1560","Brandon Bolden","RB","NE",72
"1579","D.J. Foster","RB","NE",65
"1569","Patrick Chung","SS","NE",86
"1587","Duron Harmon","SS","NE",75
"1575","Nate Ebner","SS","NE",65
"1585","Kamu Grugier-Hill","SS","NE",61
"1584","Rob Gronkowski","TE","NE",99
"1557","Martellus Bennett","TE","NE",85
"1626","Michael Williams","TE","NE",71
"1586","Clay Harbor","TE","NE",70
"1568","Joe Cardona","TE","NE",40
"1576","Julian Edelman","WR","NE",89
"1554","Danny Amendola","WR","NE",83
"1589","Chris Hogan","WR","NE",75
"1624","Nate Washington","WR","NE",73
"1574","Aaron Dobson","WR","NE",71
"1615","Matthew Slater","WR","NE",69
"1603","Keshawn Martin","WR","NE",68
"1608","Malcolm Mitchell","WR","NE",67
"1602","Devin Lucien","WR","NE",63
"1927","Delvin Breaux","CB","NO",83
"1966","Keenan Lewis","CB","NO",75
"1993","Kyle Wilson","CB","NO",74
"1991","P.J. Williams","CB","NO",70
"1983","Damian Swann","CB","NO",68
"1936","Brian Dixon","CB","NO",66
"1935","Brandon Dixon","CB","NO",65
"1948","De'Vante Harris","CB","NO",60
"1957","Cameron Jordan","DL","NO",90
"1942","Nick Fairley","DL","NO",79
"1955","John Jenkins","DL","NO",78
"1973","Sheldon Rankins","DL","NO",77
"1959","Hau'oli Kikaha","DL","NO",75
"1992","C.J. Wilson","DL","NO",69
"1934","Tyeler Davison","DL","NO",68
"1977","Matt Shaughnessy","DL","NO",68
"1974","Bobby Richardson","DL","NO",66
"1984","Darryl Tapp","DL","NO",66
"1971","David Onyemata","DL","NO",64
"1987","Davis Tull","DL","NO",60
"1946","Obum Gwacham","DL","NO",57
"1929","Jairus Byrd","FS","NO",83
"1926","Vonn Bell","FS","NO",71
"1925","Connor Barth","K","NO",79
"1944","Kai Forbath","K","NO",75
"1975","Craig Robertson","LB","NO",78
"1939","Dannell Ellerbe","LB","NO",77
"1923","Stephone Anthony","LB","NO",74
"1963","James Laurinaitis","LB","NO",73
"1982","Nathan Stupar","LB","NO",71
"1967","Michael Mauti","LB","NO",68
"1938","Kasim Edebali","LB","NO",67
"1980","Tony Steward","LB","NO",65
"1964","Dillon Lee","LB","NO",57
"1924","Terron Armstead","OL","NO",92
"1981","Zach Strief","OL","NO",82
"1989","Max Unger","OL","NO",82
"1965","Tim Lelito","OL","NO",77
"1958","Senio Kelemete","OL","NO",71
"1972","Andrus Peat","OL","NO",70
"1986","Tyrus Thompson","OL","NO",65
"1941","Kaleb Eulls","OL","NO",62
"1949","Marcus Henry","OL","NO",60
"1994","Avery Young","OL","NO",60
"1921","Jack Allen","OL","NO",59
"1988","Landon Turner","OL","NO",58
"1969","Thomas Morstead","P","NO",83
"1928","Drew Brees","QB","NO",90
"1968","Luke McCown","QB","NO",71
"1945","Garrett Grayson","QB","NO",64
"1954","Mark Ingram","RB","NO",83
"1960","John Kuhn","RB","NO",78
"1979","C.J. Spiller","RB","NO",78
"1950","Tim Hightower","RB","NO",73
"1930","Travaris Cadet","RB","NO",71
"1956","Austin Johnson","RB","NO",70
"1962","Daniel Lasco","RB","NO",68
"1970","Marcus Murphy","RB","NO",67
"1953","Sione Houma","RB","NO",63
"1990","Kenny Vaccaro","SS","NO",80
"1947","Roman Harper","SS","NO",74
"1976","Jamarca Sanford","SS","NO",73
"1940","Trae Elston","SS","NO",59
"1943","Coby Fleener","TE","NO",84
"1951","Josh Hill","TE","NO",78
"1952","Michael Hoomanawanui","TE","NO",74
"1922","RaShaun Allen","TE","NO",62
"1937","Justin Drescher","TE","NO",42
"1932","Brandin Cooks","WR","NO",83
"1978","Willie Snead","WR","NO",77
"1985","Michael Thomas","WR","NO",70
"1931","Brandon Coleman","WR","NO",69
"1933","Jared Dangerfield","WR","NO",62
"1961","Jake Lampman","WR","NO",61
"1166","Dominique Rodgers-Cromartie","CB","NYG",87
"1139","Janoris Jenkins","CB","NYG",85
"1131","Leon Hall","CB","NYG",78
"1111","Eli Apple","CB","NYG",76
"1178","Trevin Wade","CB","NYG",72
"1152","Leon McFadden","CB","NYG",71
"1177","Olivier Vernon","DL","NYG",91
"1160","Jason Pierre-Paul","DL","NYG",85
"1134","Damon Harrison","DL","NYG",84
"1132","Johnathan Hankins","DL","NYG",81
"1115","Jay Bromley","DL","NYG",67
"1137","Montori Hughes","DL","NYG",65
"1149","Stansly Maponga","DL","NYG",65
"1157","Owa Odighizuwa","DL","NYG",65
"1183","Kerry Wynn","DL","NYG",65
"1156","Louis Nix III","DL","NYG",64
"1153","Greg Milhouse","DL","NYG",62
"1173","Darian Thompson","FS","NYG",70
"1138","Bennett Jackson","FS","NYG",68
"1174","Mykkele Thompson","FS","NYG",66
"1116","Josh Brown","K","NYG",83
"1143","Devon Kennard","LB","NYG",78
"1172","J.T. Thomas III","LB","NYG",76
"1164","Keenan Robinson","LB","NYG",75
"1114","Jasper Brinkley","LB","NYG",72
"1117","Jonathan Casillas","LB","NYG",71
"1136","Mark Herzlich","LB","NYG",68
"1169","Kelvin Sheppard","LB","NYG",68
"1130","B.J. Goodson","LB","NYG",66
"1158","Romeo Okwara","LB","NYG",58
"1163","Weston Richburg","OL","NYG",88
"1161","Justin Pugh","OL","NYG",84
"1128","Ereck Flowers","OL","NYG",76
"1141","John Jerry","OL","NYG",73
"1155","Marshall Newhouse","OL","NYG",70
"1170","Byron Stingily","OL","NYG",69
"1167","Ryan Seymour","OL","NYG",68
"1135","Bobby Hart","OL","NYG",67
"1118","Emmett Cleary","OL","NYG",66
"1129","Adam Gettis","OL","NYG",66
"1165","Jake Rodgers","OL","NYG",66
"1127","Dillon Farrell","OL","NYG",65
"1151","Shane McDermott","OL","NYG",62
"1182","Brad Wing","P","NYG",76
"1148","Eli Manning","QB","NYG",83
"1154","Ryan Nassib","QB","NYG",62
"1122","B.J. Daniels","QB","NYG",57
"1142","Will Johnson","RB","NYG",82
"1176","Shane Vereen","RB","NYG",81
"1140","Rashad Jennings","RB","NYG",80
"1180","Nikita Whitlock","RB","NYG",76
"1123","Orleans Darkwa","RB","NYG",73
"1162","Bobby Rainey Jr","RB","NYG",73
"1159","Paul Perkins","RB","NYG",72
"1181","Andre Williams","RB","NYG",72
"1120","Marshaun Coprich","RB","NYG",63
"1119","Landon Collins","SS","NYG",77
"1171","Cooper Taylor","SS","NYG",69
"1113","Nat Berhe","SS","NYG",66
"1126","Larry Donnell","TE","NYG",76
"1175","Will Tye","TE","NYG",72
"1110","Jerell Adams","TE","NYG",66
"1145","Matt LaCosse","TE","NYG",65
"1147","Ryan Malleck","TE","NYG",63
"1125","Zak DeOssie","TE","NYG",55
"1112","Odell Beckham Jr","WR","NYG",93
"1121","Victor Cruz","WR","NYG",81
"1168","Sterling Shepard","WR","NYG",74
"1133","Dwayne Harris","WR","NYG",73
"1124","Geremy Davis","WR","NYG",64
"1179","Myles White","WR","NYG",63
"1146","Roger Lewis","WR","NYG",62
"1144","Tavarres King","WR","NYG",61
"1150","K.J. Maye","WR","NYG",61
"1312","Darrelle Revis","CB","NYJ",91
"1319","Buster Skrine","CB","NYJ",75
"1329","Marcus Williams","CB","NYJ",74
"1302","Dee Milliner","CB","NYJ",71
"1303","Darryl Morris","CB","NYJ",71
"1264","Juston Burris","CB","NYJ",68
"1299","Dexter McDougle","CB","NYJ",68
"1326","Muhammad Wilkerson","DL","NYJ",89
"1313","Sheldon Richardson","DL","NYJ",86
"1328","Leonard Williams","DL","NYJ",81
"1300","Steve McLendon","DL","NYJ",78
"1283","Shelby Harris","DL","NYJ",66
"1287","Jarvis Jenkins","DL","NYJ",66
"1267","Mike Catapano","DL","NYJ",65
"1261","Tarow Barney","DL","NYJ",62
"1297","Helva Matungulu","DL","NYJ",58
"1318","Deon Simon","DL","NYJ",58
"1280","Marcus Gilchrist","FS","NYJ",82
"1301","Rontez Miles","FS","NYJ",73
"1296","Ronald Martin","FS","NYJ",64
"1276","Nick Folk","K","NYJ",79
"1282","David Harris","LB","NYJ",81
"1285","Erin Henderson","LB","NYJ",75
"1266","Bruce Carter","LB","NYJ",73
"1291","Darron Lee","LB","NYJ",73
"1298","Lorenzo Mauldin IV","LB","NYJ",70
"1288","Jordan Jenkins","LB","NYJ",69
"1322","Julian Stanford","LB","NYJ",69
"1295","Josh Martin","LB","NYJ",67
"1311","Trevor Reilly","LB","NYJ",66
"1290","Taiwan Jones","LB","NYJ",64
"1268","Ryan Clady","OL","NYJ",84
"1292","Nick Mangold","OL","NYJ",83
"1265","James Carpenter","OL","NYJ",79
"1289","Wesley Johnson","OL","NYJ",70
"1330","Brian Winters","OL","NYJ",70
"1279","Breno Giacomini","OL","NYJ",69
"1286","Ben Ijalana","OL","NYJ",69
"1272","Dakota Dozier","OL","NYJ",67
"1284","Jarvis Harrison","OL","NYJ",67
"1317","Brandon Shell","OL","NYJ",66
"1310","Brent Qvale","OL","NYJ",63
"1325","Craig Watts","OL","NYJ",63
"1278","Kyle Friend","OL","NYJ",62
"1273","Lachlan Edwards","P","NYJ",72
"1275","Ryan Fitzpatrick","QB","NYJ",79
"1321","Geno Smith","QB","NYJ",73
"1281","Christian Hackenberg","QB","NYJ",67
"1305","Bryce Petty","QB","NYJ",65
"1277","Matt Forte","RB","NYJ",86
"1307","Bilal Powell","RB","NYJ",78
"1314","Khiry Robinson","RB","NYJ",74
"1306","Bernard Pierce","RB","NYJ",70
"1262","Tommy Bohanon","RB","NYJ",68
"1308","Calvin Pryor III","SS","NYJ",83
"1260","Dion Bailey","SS","NYJ",73
"1258","Jace Amaro","TE","NYJ",74
"1323","Zach Sudfeld","TE","NYJ",70
"1263","Brandon Bostick","TE","NYJ",69
"1269","Kellen Davis","TE","NYJ",69
"1316","Wes Saxton","TE","NYJ",62
"1309","Tanner Purdum","TE","NYJ",46
"1293","Brandon Marshall","WR","NYJ",89
"1271","Eric Decker","WR","NYJ",87
"1320","Devin Smith","WR","NYJ",70
"1324","Kenbrell Thompkins","WR","NYJ",67
"1274","Quincy Enunwa","WR","NYJ",66
"1315","Jeremy Ross","WR","NYJ",66
"1270","Titus Davis","WR","NYJ",65
"1304","Charone Peake","WR","NYJ",65
"1327","Kyle Williams","WR","NYJ",65
"1259","Robby Anderson","WR","NYJ",63
"1294","Jalin Marshall","WR","NYJ",63
"1331","Chandler Worthy","WR","NYJ",60
"1688","Sean Smith","CB","OAK",88
"1629","David Amerson","CB","OAK",84
"1637","T.J. Carrie","CB","OAK",74
"1649","D.J. Hayden","CB","OAK",70
"1690","Neiko Thorpe","CB","OAK",68
"1673","Keith McGill","CB","OAK",66
"1658","Tramain Jacobs","CB","OAK",62
"1643","Kenneth Durden","CB","OAK",61
"1671","Dexter McDonald","CB","OAK",61
"1698","Dan Williams","DL","OAK",88
"1645","Mario Edwards Jr","DL","OAK",78
"1646","Justin Ellis","DL","OAK",71
"1695","Jihad Ward","DL","OAK",71
"1631","Denico Autry","DL","OAK",63
"1672","Stacy McGee","DL","OAK",63
"1641","James Cowser","DL","OAK",61
"1678","Leon Orr","DL","OAK",60
"1665","Darius Latham","DL","OAK",58
"1676","Reggie Nelson","FS","OAK",87
"1648","Chris Hackett","FS","OAK",63
"1660","Sebastian Janikowski","K","OAK",79
"1689","Giorgio Tavecchio","K","OAK",67
"1667","Khalil Mack","LB","OAK",94
"1685","Aldon Smith","LB","OAK",85
"1656","Bruce Irvin","LB","OAK",81
"1687","Malcolm Smith","LB","OAK",74
"1650","Ben Heeney","LB","OAK",70
"1635","Shilique Calhoun","LB","OAK",69
"1632","Neiron Ball","LB","OAK",65
"1666","John Lotulelei","LB","OAK",65
"1691","Korey Toomer","LB","OAK",63
"1633","Daren Bates","LB","OAK",61
"1659","Cory James","LB","OAK",61
"1699","Kyrie Wilson","LB","OAK",60
"1679","Kelechi Osemele","OL","OAK",88
"1681","Donald Penn","OL","OAK",87
"1655","Rodney Hudson","OL","OAK",85
"1657","Gabe Jackson","OL","OAK",83
"1654","Austin Howard","OL","OAK",80
"1697","Menelik Watson","OL","OAK",73
"1669","Matthew McCants","OL","OAK",71
"1627","Vadal Alexander","OL","OAK",66
"1647","Jon Feliciano","OL","OAK",64
"1664","Denver Kirkland","OL","OAK",57
"1663","Marquette King","P","OAK",82
"1636","Derek Carr","QB","OAK",83
"1639","Connor Cook","QB","OAK",72
"1674","Matt McGloin","QB","OAK",64
"1682","Marcel Reece","RB","OAK",86
"1675","Latavius Murray","RB","OAK",81
"1677","Jamize Olawale","RB","OAK",79
"1661","Taiwan Jones","RB","OAK",73
"1696","DeAndre Washington","RB","OAK",68
"1630","George Atkinson III","RB","OAK",64
"1628","Nate Allen","SS","OAK",77
"1662","Karl Joseph","SS","OAK",76
"1670","Dewey McDonald","SS","OAK",65
"1692","Brynden Trawick","SS","OAK",63
"1644","Chris Edwards","SS","OAK",61
"1694","Clive Walford","TE","OAK",77
"1686","Lee Smith","TE","OAK",75
"1683","Mychal Rivera","TE","OAK",73
"1652","Gabe Holmes","TE","OAK",60
"1693","Colton Underwood","TE","OAK",60
"1638","Jon Condo","TE","OAK",42
"1640","Amari Cooper","WR","OAK",83
"1642","Michael Crabtree","WR","OAK",83
"1651","Andre Holmes","WR","OAK",73
"1684","Seth Roberts","WR","OAK",72
"1653","Johnny Holton","WR","OAK",63
"1668","Max McCaffrey","WR","OAK",63
"1634","K.J. Brent","WR","OAK",62
"1680","Nathan Palmer","WR","OAK",60
"975","Nolan Carroll II","CB","PHI",76
"1020","Eric Rowe","CB","PHI",74
"1010","Leodis McKelvin","CB","PHI",73
"973","Ron Brooks","CB","PHI",70
"1013","Jalen Mills","CB","PHI",66
"984","Randall Evans","CB","PHI",65
"1023","JaCorey Shepherd","CB","PHI",64
"1019","Denzel Rice","CB","PHI",63
"978","Fletcher Cox","DL","PHI",93
"989","Brandon Graham","DL","PHI",92
"967","Connor Barwin","DL","PHI",84
"979","Vinny Curry","DL","PHI",79
"1002","Bennie Logan","DL","PHI",79
"1006","Mike Martin","DL","PHI",71
"1027","Marcus Smith II","DL","PHI",69
"971","Bryan Braman","DL","PHI",68
"963","Beau Allen","DL","PHI",65
"992","Taylor Hart","DL","PHI",65
"1012","Steven Means","DL","PHI",65
"1009","Alex McCalister","DL","PHI",60
"1024","Aziz Shittu","DL","PHI",60
"1011","Rodney McLeod Jr","FS","PHI",83
"1018","Ed Reynolds II","FS","PHI",69
"977","Blake Countess","FS","PHI",68
"1029","Caleb Sturgis","K","PHI",77
"1015","Cody Parkey","K","PHI",75
"1001","Mychal Kendricks","LB","PHI",86
"970","Nigel Bradham","LB","PHI",75
"993","Jordan Hicks","LB","PHI",75
"988","Najee Goode","LB","PHI",66
"1025","Deontae Skinner","LB","PHI",62
"1032","Joe Walker","LB","PHI",60
"986","Quentin Gause","LB","PHI",57
"1016","Jason Peters","OL","PHI",87
"996","Lane Johnson","OL","PHI",86
"999","Jason Kelce","OL","PHI",84
"972","Brandon Brooks","OL","PHI",81
"1035","Stefen Wisniewski","OL","PHI",79
"1030","Matt Tobin","OL","PHI",73
"965","Allen Barbre","OL","PHI",72
"985","Andrew Gardner","OL","PHI",72
"1000","Dennis Kelly","OL","PHI",71
"1021","Isaac Seumalo","OL","PHI",70
"997","Barrett Jones","OL","PHI",69
"1031","Hal Vaitai","OL","PHI",67
"964","Josh Andrews","OL","PHI",61
"991","Darrell Greene","OL","PHI",59
"998","Donnie Jones","P","PHI",79
"969","Sam Bradford","QB","PHI",78
"1034","Carson Wentz","QB","PHI",76
"980","Chase Daniel","QB","PHI",71
"968","McLeod Bethel-Thompson","QB","PHI",63
"1007","Ryan Mathews","RB","PHI",82
"1028","Darren Sproles","RB","PHI",81
"1026","Wendell Smallwood","RB","PHI",70
"966","Kenjon Barner","RB","PHI",69
"1005","Byron Marshall","RB","PHI",62
"995","Malcolm Jenkins","SS","PHI",92
"1004","Chris Maragos","SS","PHI",71
"1033","Jaylen Watkins","SS","PHI",71
"983","Zach Ertz","TE","PHI",87
"976","Brent Celek","TE","PHI",80
"974","Trey Burton","TE","PHI",69
"1014","Chris Pantale","TE","PHI",63
"982","Jon Dorenbos","TE","PHI",44
"981","John DePalma","TE","PHI",43
"1008","Jordan Matthews","WR","PHI",78
"1017","Rueben Randle","WR","PHI",78
"962","Nelson Agholor","WR","PHI",72
"994","Josh Huff","WR","PHI",70
"987","Chris Givens","WR","PHI",68
"990","T.J. Graham","WR","PHI",67
"1003","Deon Long","WR","PHI",64
"1022","Hunter Sharp","WR","PHI",63
"2086","William Gay","CB","PIT",82
"2075","Artie Burns","CB","PIT",73
"2078","Ross Cockrell","CB","PIT",73
"2089","Senquez Golson","CB","PIT",71
"2091","Doran Grant","CB","PIT",66
"2138","Kevin White","CB","PIT",66
"2136","Donald Washington","CB","PIT",65
"2099","Cameron Heyward","DL","PIT",88
"2129","Stephon Tuitt","DL","PIT",78
"2110","Ricardo Mathews","DL","PIT",69
"2095","Javon Hargrave","DL","PIT",68
"2112","Daniel McCullers","DL","PIT",66
"2117","Giorgio Newberry","DL","PIT",62
"2101","Lavon Hooks","DL","PIT",60
"2108","Caushaud Lyons","DL","PIT",59
"2134","L.T. Walton","DL","PIT",59
"2124","Devaunte Sigler","DL","PIT",58
"2111","Johnny Maxey","DL","PIT",57
"2114","Mike Mitchell","FS","PIT",84
"2088","Robert Golden","FS","PIT",74
"2072","Chris Boswell","K","PIT",77
"2097","James Harrison","LB","PIT",85
"2123","Ryan Shazier","LB","PIT",79
"2115","Arthur Moats","LB","PIT",78
"2126","Lawrence Timmons","LB","PIT",78
"2106","Jarvis Jones","LB","PIT",73
"2140","Vince Williams","LB","PIT",73
"2081","Bud Dupree","LB","PIT",70
"2084","L.J. Fort","LB","PIT",68
"2105","Steven Johnson","LB","PIT",68
"2109","Tyler Matakevich","LB","PIT",65
"2141","Jordan Zumwalt","LB","PIT",65
"2076","Anthony Chickillo","LB","PIT",62
"2082","Travis Feeney","LB","PIT",62
"2119","Maurkice Pouncey","OL","PIT",88
"2080","David DeCastro","OL","PIT",84
"2087","Marcus Gilbert","OL","PIT",83
"2085","Ramon Foster","OL","PIT",82
"2096","Ryan Harris","OL","PIT",76
"2132","Alejandro Villanueva","OL","PIT",70
"2098","Jerald Hawkins","OL","PIT",67
"2102","Chris Hubbard","OL","PIT",67
"2083","B.J. Finney","OL","PIT",65
"2113","Brian Mihalik","OL","PIT",65
"2133","Cody Wallace","OL","PIT",65
"2135","Greg Warren","OL","PIT",65
"2122","Quinton Schooley","OL","PIT",59
"2071","Jordan Berry","P","PIT",79
"2116","Will Monday","P","PIT",68
"2121","Ben Roethlisberger","QB","PIT",93
"2090","Bruce Gradkowski","QB","PIT",69
"2107","Landry Jones","QB","PIT",66
"2130","Dustin Vaughan","QB","PIT",62
"2070","Le'Veon Bell","RB","PIT",94
"2139","DeAngelo Williams","RB","PIT",81
"2118","Roosevelt Nix","RB","PIT",80
"2104","David Johnson","RB","PIT",74
"2120","Daryl Richardson","RB","PIT",67
"2127","Fitzgerald Toussaint","RB","PIT",67
"2079","Sean Davis","SS","PIT",72
"2125","Shamarko Thomas","SS","PIT",72
"2131","Ross Ventrone","SS","PIT",64
"2092","Ladarius Green","TE","PIT",81
"2103","Jesse James","TE","PIT",67
"2093","Xavier Grimble","TE","PIT",62
"2073","Antonio Brown","WR","PIT",97
"2074","Martavis Bryant","WR","PIT",82
"2137","Markus Wheaton","WR","PIT",76
"2100","Darrius Heyward-Bey","WR","PIT",71
"2077","Sammie Coates","WR","PIT",70
"2094","Cobi Hamilton","WR","PIT",64
"2069","Demarcus Ayers","WR","PIT",62
"2128","Marcus Tucker","WR","PIT",61
"658","Jason Verrett","CB","SD",88
"619","Casey Hayward","CB","SD",84
"613","Brandon Flowers","CB","SD",78
"662","Steve Williams","CB","SD",71
"635","Craig Mager","CB","SD",69
"604","Terrell Chestnut","CB","SD",60
"650","Larry Scott","CB","SD",59
"633","Corey Liuget","DL","SD",80
"638","Brandon Mebane","DL","SD",80
"600","Joey Bosa","DL","SD",79
"632","Sean Lissemore","DL","SD",72
"603","Ryan Carrethers","DL","SD",68
"641","Tenny Palepoi","DL","SD",65
"646","Darius Philon","DL","SD",65
"653","Damion Square","DL","SD",62
"634","Dwight Lowery","FS","SD",79
"654","Darrell Stuckey","FS","SD",72
"645","Adrian Phillips","FS","SD",67
"630","Josh Lambo","K","SD",76
"622","Melvin Ingram","LB","SD",86
"596","Jeremiah Attaochu","LB","SD",81
"643","Denzel Perryman","LB","SD",76
"656","Manti Te'o","LB","SD",75
"611","Kyle Emanuel","LB","SD",69
"642","Joshua Perry","LB","SD",66
"663","Tourek Williams","LB","SD",64
"601","Jatavis Brown","LB","SD",63
"644","Shaq Petteway","LB","SD",63
"610","Nick Dzubnar","LB","SD",62
"636","Tyler Marcordes","LB","SD",62
"631","Chris Landrum","LB","SD",57
"651","Matt Slauson","OL","SD",84
"609","King Dunlap","OL","SD",82
"597","Joe Barksdale","OL","SD",80
"614","D.J. Fluker","OL","SD",74
"615","Orlando Franklin","OL","SD",72
"618","Chris Hairston","OL","SD",69
"628","Marcel Jones","OL","SD",69
"659","Chris Watt","OL","SD",69
"657","Max Tuerk","OL","SD",68
"661","Kenny Wiggins","OL","SD",66
"602","Tyreek Burwell","OL","SD",63
"625","Tyler Johnstone","OL","SD",62
"605","Donavon Clark","OL","SD",61
"647","Spencer Pulley","OL","SD",58
"629","Drew Kaser","P","SD",76
"649","Philip Rivers","QB","SD",84
"606","Kellen Clemens","QB","SD",68
"639","Zach Mettenberger","QB","SD",66
"599","Mike Bercovici","QB","SD",63
"666","Danny Woodhead","RB","SD",82
"640","Branden Oliver","RB","SD",79
"617","Melvin Gordon","RB","SD",76
"660","Derek Watt","RB","SD",71
"612","Kenneth Farrow","RB","SD",61
"652","Dreamius Smith","RB","SD",61
"655","Chris Swain","RB","SD",60
"593","Jahleel Addae","SS","SD",74
"616","Antonio Gates","TE","SD",85
"620","Hunter Henry","TE","SD",78
"608","Jeff Cumberland","TE","SD",72
"637","Sean McGrath","TE","SD",70
"607","Asante Cleveland","TE","SD",68
"665","Mike Windt","TE","SD",46
"594","Keenan Allen","WR","SD",88
"598","Travis Benjamin","WR","SD",78
"627","James Jones","WR","SD",78
"624","Stevie Johnson","WR","SD",77
"623","Dontrelle Inman","WR","SD",72
"621","Javontee Herndon","WR","SD",67
"595","Torrence Allen","WR","SD",63
"664","Tyrell Williams","WR","SD",63
"648","Deandre Reaves","WR","SD",62
"626","Jamaal Jones","WR","SD",61
"2050","Richard Sherman","CB","SEA",92
"2027","Jeremy Lane","CB","SEA",77
"2001","Brandon Browner","CB","SEA",73
"2002","Marcus Burley","CB","SEA",71
"2053","Tharold Simon","CB","SEA",71
"2049","DeShawn Shead","CB","SEA",67
"2023","Stanley Jean-Baptiste","CB","SEA",66
"2055","Tye Smith","CB","SEA",62
"2007","DeAndre Elliott","CB","SEA",61
"2009","George Farmer","CB","SEA",59
"1997","Michael Bennett","DL","SEA",91
"1995","Cliff Avril","DL","SEA",90
"2047","Ahtyba Rubin","DL","SEA",74
"2044","Jarran Reed","DL","SEA",73
"2052","Sealver Siliga","DL","SEA",73
"2020","Jordan Hill","DL","SEA",72
"2004","Frank Clark","DL","SEA",68
"2033","Cassius Marsh","DL","SEA",67
"2024","Quinton Jefferson","DL","SEA",65
"2060","DeAngelo Tyson","DL","SEA",64
"2016","Justin Hamilton","DL","SEA",63
"2046","Ryan Robinson","DL","SEA",58
"2051","Josh Shirley","DL","SEA",57
"2059","Earl Thomas III","FS","SEA",93
"2058","Steven Terrell","FS","SEA",68
"2026","Keenan Lambert","FS","SEA",62
"2017","Steven Hauschka","K","SEA",84
"2062","Bobby Wagner","LB","SEA",88
"2068","K.J. Wright","LB","SEA",88
"2036","Mike Morgan","LB","SEA",71
"2038","Kevin Pierre-Louis","LB","SEA",70
"2006","Brock Coyle","LB","SEA",66
"2031","Steve Longa","LB","SEA",58
"2039","Eric Pinkins","LB","SEA",58
"2008","Jahri Evans","OL","SEA",77
"2022","Germain Ifedi","OL","SEA",75
"2057","Bradley Sowell","OL","SEA",74
"2012","Garry Gilliam","OL","SEA",72
"1999","Justin Britt","OL","SEA",71
"2029","Patrick Lewis","OL","SEA",70
"2013","Mark Glowinski","OL","SEA",69
"2037","Rees Odhiambo","OL","SEA",68
"2021","Joey Hunt","OL","SEA",67
"2063","J'Marcus Webb","OL","SEA",67
"2040","Terry Poole","OL","SEA",65
"2032","Lene Maiava","OL","SEA",63
"2056","Kristjan Sokoli","OL","SEA",62
"2048","Jon Ryan","P","SEA",81
"2067","Russell Wilson","QB","SEA",91
"1998","Trevone Boykin","QB","SEA",63
"2018","Jake Heaps","QB","SEA",62
"2043","Thomas Rawls","RB","SEA",80
"2042","C.J. Prosise","RB","SEA",74
"2035","Christine Michael","RB","SEA",72
"2000","Zac Brooks","RB","SEA",70
"2005","Alex Collins","RB","SEA",69
"2003","Kam Chancellor","SS","SEA",91
"2034","Kelcie McCray","SS","SEA",66
"2041","Tyvis Powell","SS","SEA",61
"2015","Jimmy Graham","TE","SEA",89
"2066","Luke Willson","TE","SEA",78
"2019","Cooper Helfet","TE","SEA",71
"2061","Nick Vannett","TE","SEA",70
"2064","Brandon Williams","TE","SEA",70
"2010","Nolan Frese","TE","SEA",39
"1996","Doug Baldwin","WR","SEA",89
"2025","Jermaine Kearse","WR","SEA",80
"2030","Tyler Lockett","WR","SEA",80
"2045","Paul Richardson","WR","SEA",71
"2014","Antwan Goodley","WR","SEA",65
"2028","Kenny Lawler","WR","SEA",64
"2054","Kevin Smith","WR","SEA",64
"2065","Kasen Williams","WR","SEA",63
"2011","Jeff Fuller","WR","SEA",62
"13","Tramaine Brock","CB","SF",81
"41","Dontae Johnson","CB","SF",75
"71","Jimmie Ward","CB","SF",75
"1","Kenneth Acker","CB","SF",72
"57","Will Redmond","CB","SF",68
"56","Keith Reaser","CB","SF",66
"22","Marcus Cromartie","CB","SF",65
"59","Rashard Robinson","CB","SF",64
"39","Prince Iworah","CB","SF",63
"74","Ian Williams","DL","SF",82
"16","DeForest Buckner","DL","SF",78
"4","Arik Armstead","DL","SF",77
"26","Quinton Dial","DL","SF",70
"27","Glenn Dorsey","DL","SF",70
"40","Tony Jerod-Eddie","DL","SF",68
"55","Mike Purcell","DL","SF",64
"11","Ronald Blair III","DL","SF",62
"58","Eric Reid","FS","SF",77
"48","L.J. McCray II","FS","SF",65
"25","Phil Dawson","K","SF",80
"12","NaVorro Bowman","LB","SF",88
"46","Aaron Lynch","LB","SF",83
"14","Ahmad Brooks","LB","SF",74
"19","Tank Carradine","LB","SF",71
"35","Eli Harold","LB","SF",70
"73","Michael Wilhoite","LB","SF",70
"37","Gerald Hodges Jr","LB","SF",69
"5","Ray-Ray Armstrong","LB","SF",67
"9","Nick Bellore","LB","SF",66
"44","Corey Lemonier","LB","SF",66
"62","Shayne Skov","LB","SF",61
"31","Jason Fanaika","LB","SF",60
"65","Joe Staley","OL","SF",89
"23","Anthony Davis","OL","SF",78
"33","Joshua Garnett","OL","SF",74
"6","Zane Beadles","OL","SF",73
"43","Daniel Kilgore","OL","SF",71
"53","Erik Pears","OL","SF",71
"70","Andrew Tiller","OL","SF",71
"60","Ian Silberman","OL","SF",67
"69","Brandon Thomas","OL","SF",67
"21","Fahn Cooper","OL","SF",66
"15","Trent Brown","OL","SF",65
"47","Marcus Martin","OL","SF",65
"68","John Theus","OL","SF",63
"54","Bradley Pinion","P","SF",77
"32","Blaine Gabbert","QB","SF",74
"42","Colin Kaepernick","QB","SF",74
"29","Jeff Driskel","QB","SF",66
"45","Thad Lewis","QB","SF",65
"38","Carlos Hyde","RB","SF",81
"28","Shaun Draughn","RB","SF",73
"24","Mike Davis","RB","SF",71
"36","DuJuan Harris","RB","SF",70
"67","Kelvin Taylor","RB","SF",67
"10","Antoine Bethea","SS","SF",77
"66","Jaquiski Tartt","SS","SF",71
"8","Jered Bell","SS","SF",60
"49","Vance McDonald","TE","SF",78
"20","Garrett Celek","TE","SF",75
"50","Bruce Miller","TE","SF",74
"7","Blake Bell","TE","SF",65
"34","Je'Ron Hamm","TE","SF",65
"2","Busta Anderson","TE","SF",64
"51","Kyle Nelson","TE","SF",44
"64","Torrey Smith","WR","SF",78
"52","Quinton Patton","WR","SF",70
"30","Bruce Ellington","WR","SF",69
"61","Jerome Simpson","WR","SF",68
"72","DeAndrew White","WR","SF",65
"63","DeAndre Smelter","WR","SF",64
"17","Aaron Burbridge","WR","SF",63
"18","Devon Cajuste","WR","SF",63
"3","Dres Anderson","WR","SF",62
"475","Brent Grimes","CB","TB",85
"476","Vernon Hargreaves III","CB","TB",77
"499","Josh Robinson","CB","TB",75
"515","Alterraun Verner","CB","TB",75
"452","Johnthan Banks","CB","TB",71
"445","Jude Adjei-Barimah","CB","TB",69
"508","Ryan Smith","CB","TB",64
"490","Gerald McCoy","DL","TB",92
"451","Robert Ayers Jr","DL","TB",84
"471","William Gholston","DL","TB",78
"491","Clinton McDonald","DL","TB",77
"507","Jacquies Smith","DL","TB",74
"509","Akeem Spence","DL","TB",73
"510","Noah Spence","DL","TB",71
"482","George Johnson","DL","TB",70
"484","Howard Jones","DL","TB",70
"489","Cliff Matthews","DL","TB",66
"459","Kourtnei Brown","DL","TB",61
"479","Martin Ifedi","DL","TB",60
"458","Travis Britz","DL","TB",57
"492","Bradley McDougald","FS","TB",77
"518","Major Wright","FS","TB",74
"446","Roberto Aguayo","K","TB",79
"464","Lavonte David","LB","TB",86
"504","Daryl Smith","LB","TB",82
"447","Kwon Alexander","LB","TB",76
"470","Jeremiah George","LB","TB",68
"456","Devante Bond","LB","TB",62
"472","Adarius Glanton","LB","TB",61
"450","Micah Awe","LB","TB",59
"485","Josh Keyes","LB","TB",59
"494","Cassanova McKinzy","LB","TB",57
"466","Demar Dotson","OL","TB",78
"486","Ali Marpet","OL","TB",77
"505","Donovan Smith","OL","TB",77
"513","J.R. Sweezy","OL","TB",76
"506","Evan Smith","OL","TB",75
"497","Kevin Pamphile","OL","TB",71
"461","Gosder Cherilus","OL","TB",70
"477","Joe Hawley","OL","TB",67
"455","Caleb Benenoch","OL","TB",66
"448","Josh Allen","OL","TB",62
"469","Taylor Fallin","OL","TB",58
"449","Bryan Anger","P","TB",82
"500","Jacob Schum","P","TB",78
"517","Jameis Winston","QB","TB",82
"473","Mike Glennon","QB","TB",71
"474","Ryan Griffin","QB","TB",62
"487","Doug Martin","RB","TB",90
"503","Charles Sims III","RB","TB",82
"481","Mike James","RB","TB",71
"483","Storm Johnson","RB","TB",69
"453","Peyton Barber","RB","TB",62
"462","Chris Conte","SS","TB",76
"514","Keith Tandy","SS","TB",71
"493","Kimario McFadden","SS","TB",63
"501","Austin Seferian-Jenkins","TE","TB",78
"457","Cameron Brate","TE","TB",75
"512","Luke Stocker","TE","TB",73
"496","Brandon Myers","TE","TB",72
"516","Danny Vitale","TE","TB",69
"460","Kivon Cartwright","TE","TB",63
"463","Alan Cross","TE","TB",62
"465","Andrew DePaola","TE","TB",62
"468","Mike Evans","WR","TB",86
"480","Vincent Jackson","WR","TB",82
"495","Louis Murphy","WR","TB",71
"478","Adam Humphries","WR","TB",67
"502","Russell Shepard","WR","TB",65
"467","Donteea Dye Jr","WR","TB",64
"454","Kenny Bell","WR","TB",63
"498","Bernard Reedy","WR","TB",59
"488","Freddie Martino","WR","TB",58
"511","Evan Spencer","WR","TB",57
"2255","Jason McCourty","CB","TEN",80
"2229","Perrish Cox","CB","TEN",78
"2253","Brice McCain","CB","TEN",78
"2221","Antwon Blake","CB","TEN",73
"2265","Cody Riggs","CB","TEN",72
"2288","Blidi Wreh-Wilson","CB","TEN",71
"2261","Tyler Patmon","CB","TEN",69
"2284","B.W. Webb","CB","TEN",66
"2270","LeShaun Sims","CB","TEN",64
"2264","Kalan Reed","CB","TEN",61
"2225","Jurrell Casey","DL","TEN",93
"2286","Al Woods","DL","TEN",74
"2247","Karl Klug","DL","TEN",73
"2242","Austin Johnson","DL","TEN",70
"2245","DaQuan Jones","DL","TEN",68
"2262","Ropati Pitoitua","DL","TEN",67
"2220","Angelo Blackson","DL","TEN",61
"2216","Mehdi Abdesmad","DL","TEN",60
"2243","Rashad Johnson","FS","TEN",82
"2224","Kevin Byard","FS","TEN",72
"2239","Marqueston Huff","FS","TEN",72
"2276","Ryan Succop","K","TEN",81
"2259","Brian Orakpo","LB","TEN",87
"2287","Wesley Woodyard","LB","TEN",87
"2256","Derrick Morgan","LB","TEN",81
"2285","Avery Williamson","LB","TEN",78
"2231","Kevin Dodd","LB","TEN",73
"2272","Sean Spence","LB","TEN",72
"2218","David Bass","LB","TEN",66
"2260","Nate Palmer","LB","TEN",65
"2282","Aaron Wallace","LB","TEN",65
"2257","Deiontrez Mount","LB","TEN",63
"2279","J.R. Tavai","LB","TEN",59
"2274","Justin Staples","LB","TEN",58
"2248","Taylor Lewan","OL","TEN",83
"2228","Jack Conklin","OL","TEN",79
"2283","Chance Warmack","OL","TEN",75
"2244","Ben Jones","OL","TEN",74
"2267","Brian Schwenke","OL","TEN",71
"2219","Byron Bell","OL","TEN",70
"2263","Jeremiah Poutasi","OL","TEN",68
"2271","Quinton Spain","OL","TEN",68
"2236","Andy Gallik","OL","TEN",64
"2280","Sebastian Tretola","OL","TEN",64
"2250","Josue Matias","OL","TEN",63
"2246","Brett Kern","P","TEN",85
"2249","Marcus Mariota","QB","TEN",79
"2226","Matt Cassel","QB","TEN",70
"2278","Alex Tanney","QB","TEN",63
"2235","Jalston Fowler","RB","TEN",88
"2258","DeMarco Murray","RB","TEN",83
"2217","Antonio Andrews","RB","TEN",76
"2238","Derrick Henry","RB","TEN",74
"2254","Dexter McCluster","RB","TEN",73
"2266","Bishop Sankey","RB","TEN",73
"2227","David Cobb","RB","TEN",70
"2234","David Fluellen","RB","TEN",64
"2268","Da'Norris Searcy","SS","TEN",85
"2273","Daimion Stafford","SS","TEN",69
"2223","Lamarcus Brutus","SS","TEN",61
"2281","Delanie Walker","TE","TEN",93
"2233","Anthony Fasano","TE","TEN",80
"2275","Craig Stevens","TE","TEN",80
"2277","Phillip Supernaw","TE","TEN",72
"2230","Jerome Cunningham","TE","TEN",66
"2222","Beau Brinkley","TE","TEN",46
"2251","Rishard Matthews","WR","TEN",79
"2289","Kendall Wright","WR","TEN",79
"2237","Dorial Green-Beckham","WR","TEN",76
"2241","Andre Johnson","WR","TEN",76
"2232","Harry Douglas","WR","TEN",73
"2240","Justin Hunter","WR","TEN",71
"2269","Tajae Sharpe","WR","TEN",70
"2252","Tre McBride","WR","TEN",65
"1896","Josh Norman","CB","WAS",94
"1853","Bashaud Breeland","CB","WAS",81
"1865","Quinton Dunbar","CB","WAS",72
"1916","Greg Toler","CB","WAS",72
"1869","Kendall Fuller","CB","WAS",70
"1876","Jeremy Harris","CB","WAS",67
"1901","Dashaun Phillips","CB","WAS",59
"1848","Chris Baker","DL","WAS",81
"1898","Stephen Paea","DL","WAS",75
"1882","Ricky Jean Francois","DL","WAS",74
"1873","Kedric Golston","DL","WAS",71
"1877","Ziggy Hood","DL","WAS",69
"1880","Matthew Ioannidis","DL","WAS",69
"1906","Kendall Reyes","DL","WAS",69
"1902","Jerrell Powe","DL","WAS",67
"1875","DeAngelo Hall","FS","WAS",82
"1850","Will Blackmon","FS","WAS",74
"1866","Deshazor Everett","FS","WAS",66
"1878","Dustin Hopkins","K","WAS",77
"1886","Ryan Kerrigan","LB","WAS",88
"1870","Junior Galette","LB","WAS",80
"1911","Preston Smith","LB","WAS",77
"1895","Trent Murphy","LB","WAS",74
"1907","Perry Riley Jr","LB","WAS",74
"1868","Mason Foster","LB","WAS",72
"1859","Su'a Cravens","LB","WAS",71
"1857","Will Compton","LB","WAS",70
"1872","Terence Garvin","LB","WAS",65
"1861","Steven Daniels","LB","WAS",61
"1867","Carlos Fields","LB","WAS",61
"1918","Mike Wakefield","LB","WAS",61
"1849","Houston Bates","LB","WAS",60
"1912","Martrell Spaight","LB","WAS",60
"1917","Lynden Trail","LB","WAS",56
"1920","Trent Williams","OL","WAS",92
"1894","Morgan Moses","OL","WAS",78
"1909","Brandon Scherff","OL","WAS",78
"1888","Shawn Lauvao","OL","WAS",74
"1891","Spencer Long","OL","WAS",72
"1890","Kory Lichtensteiger","OL","WAS",71
"1897","Ty Nsekhe","OL","WAS",69
"1889","Josh LeRibeus","OL","WAS",67
"1852","Cody Booth","OL","WAS",65
"1856","Takoby Cofield","OL","WAS",65
"1851","Al Bond","OL","WAS",64
"1905","Austin Reiter","OL","WAS",63
"1887","Arie Kouandjio","OL","WAS",62
"1885","Nila Kasitati","OL","WAS",61
"1914","Nick Sundberg","OL","WAS",54
"1919","Tress Way","P","WAS",83
"1858","Kirk Cousins","QB","WAS",83
"1893","Colt McCoy","QB","WAS",68
"1913","Nate Sudfeld","QB","WAS",65
"1884","Matt Jones","RB","WAS",77
"1915","Chris Thompson","RB","WAS",72
"1892","Keith Marshall","RB","WAS",69
"1903","Silas Redd Jr","RB","WAS",69
"1854","David Bruton Jr","SS","WAS",77
"1879","Duke Ihenacho","SS","WAS",77
"1904","Jordan Reed","TE","WAS",89
"1862","Vernon Davis","TE","WAS",80
"1855","Derek Carrier","TE","WAS",73
"1899","Niles Paul","TE","WAS",73
"1900","Logan Paulsen","TE","WAS",70
"1883","Marcel Jensen","TE","WAS",66
"1881","DeSean Jackson","WR","WAS",84
"1871","Pierre Garcon","WR","WAS",81
"1864","Josh Doctson","WR","WAS",77
"1860","Jamison Crowder","WR","WAS",74
"1874","Ryan Grant","WR","WAS",69
"1908","Rashad Ross","WR","WAS",63
"1863","Reggie Diggs","WR","WAS",60
"1910","Valdez Showers","WR","WAS",60
