"Key","mean.weight","mean.nonweight","min","max","freq","Id","Name","Position","Source","Injury Indicator","Injury Details","PredictedPoints","Salary","Team","Opponent","Home","NameRM","deepBonus","mean"
"Datl",5.669,5.705,5.66,5.75,2,"16502-12525","ATL","D","FanDuel","","",5.75,4200,"ATL","DEN",FALSE,"atl",-0.158920436973721,4.76808004279597
"Dbal",7.253,7.585,7.17,8,2,"16502-12555","BAL","D","FanDuel","","",8,4400,"BAL","WAS",TRUE,"bal",-0.0348197336374889,7.00045247192729
"Dbuf",8.23,10.35,7.7,13,2,"16502-12526","BUF","D","FanDuel","","",13,4600,"BUF","LA",FALSE,"buf",0.0526374407579429,8.66320613743787
"Dchi",6.022,5.79,5.5,6.08,2,"16502-12527","CHI","D","FanDuel","","",5.5,4200,"CHI","IND",FALSE,"chi",-0.0741503560663821,5.57546655576825
"Dcin",7.369,7.205,7,7.41,2,"16502-12528","CIN","D","FanDuel","","",7,4700,"CIN","DAL",FALSE,"cin",0.421295627609099,10.4735274798514
"Dcle",5.302,5.39,5.28,5.5,2,"16502-12529","CLE","D","FanDuel","","",5.5,4000,"CLE","NE",TRUE,"cle",-0.180049676585539,4.34737661474347
"Ddal",6.352,5.64,4.75,6.53,2,"16502-12530","DAL","D","FanDuel","","",4.75,4500,"DAL","CIN",TRUE,"dal",-0.125322657316783,5.5559504807238
"Dden",9.256,10.92,8.84,13,2,"16502-12531","DEN","D","FanDuel","","",13,5100,"DEN","ATL",TRUE,"den",0.0590969292266559,9.80300117692193
"Ddet",6.084,5.38,4.5,6.26,2,"16502-12532","DET","D","FanDuel","","",4.5,4400,"DET","PHI",TRUE,"det",0.132585115843481,6.89064784479174
"Dgb",7.1636666667,6.4983333335,5.666666667,7.33,2,"16502-12533","GB","D","FanDuel","","",5.666666667,4600,"GB","NYG",TRUE,"gb",-0.0919621794267704,6.50488026734336
"Dhou",7.377,7.765,7.28,8.25,2,"16502-12556","HOU","D","FanDuel","","",8.25,4700,"HOU","MIN",FALSE,"hou",-0.254014171074582,5.50313745998281
"Dind",6.211,4.895,3.25,6.54,2,"16502-12535","IND","D","FanDuel","","",3.25,4400,"IND","CHI",TRUE,"ind",0.384444754777558,8.59878637192341
"Dla",8.459,9.255,8.26,10.25,2,"16502-12538","LA","D","FanDuel","","",10.25,4700,"LA","BUF",TRUE,"la",0.152089553692811,9.74552553468749
"Dmia",7.071,6.595,6,7.19,2,"16502-12539","MIA","D","FanDuel","","",6,4600,"MIA","TEN",TRUE,"mia",0.0168651533039883,7.1902534990125
"Dmin",10.207,13.115,9.48,16.75,2,"16502-12540","MIN","D","FanDuel","","",16.75,4800,"MIN","HOU",TRUE,"min",-0.0471619002251079,9.72561848440232
"Dne",8.792,8.44,8,8.88,2,"16502-12541","NE","D","FanDuel","","",8,4800,"NE","CLE",FALSE,"ne",0.345847923195041,11.8326949407308
"Dnyg",5.742,5.19,4.5,5.88,2,"16502-12543","NYG","D","FanDuel","","",4.5,4400,"NYG","GB",FALSE,"nyg",-0.0883165008299348,5.23488665223451
"Dnyj",6.762,6.09,5.25,6.93,2,"16502-12544","NYJ","D","FanDuel","","",5.25,4100,"NYJ","PIT",FALSE,"nyj",-0.109360954371076,6.02250122654278
"Doak",6.484,5.38,4,6.76,2,"16502-12537","OAK","D","FanDuel","","",4,4500,"OAK","SD",TRUE,"oak",0.0398323642638549,6.74227304988684
"Dphi",8.170666667,10.613333335,7.56,13.66666667,2,"16502-12545","PHI","D","FanDuel","","",13.66666667,4600,"PHI","DET",FALSE,"phi",-0.111464213717959,7.25992973141131
"Dpit",7.27,6.15,4.75,7.55,2,"16502-12547","PIT","D","FanDuel","","",4.75,4900,"PIT","NYJ",TRUE,"pit",-0.115404695834276,6.43100786128481
"Dsd",5.526,6.07,5.39,6.75,2,"16502-12548","SD","D","FanDuel","","",6.75,4200,"SD","OAK",FALSE,"sd",-0.134225619209473,4.78426922824845
"Dten",6.479,6.155,5.75,6.56,2,"16502-12534","TEN","D","FanDuel","","",5.75,4200,"TEN","MIA",FALSE,"ten",-0.081481737970758,5.95107981968746
"Dwas",6.393,5.885,5.25,6.52,2,"16502-12552","WAS","D","FanDuel","","",5.25,4300,"WAS","BAL",FALSE,"was",0.0019599705694211,6.40553009185031
"Kadamvinatieri",8.536,9.52,8.29,10.75,2,"16502-6668","Adam Vinatieri","K","FanDuel","","",10.75,4700,"IND","CHI",TRUE,"adamvinatieri",-0.019420983716587,8.37022248299521
"Kandrewfranks",6.525,5.625,4.5,6.75,2,"16502-62619","Andrew Franks","K","FanDuel","","",4.5,4500,"MIA","TEN",TRUE,"andrewfranks",-0.019420983716587,6.39827808124927
"Kblairwalsh",7.715,8.175,7.6,8.75,2,"16502-22110","Blair Walsh","K","FanDuel","","",8.75,4600,"MIN","HOU",TRUE,"blairwalsh",-0.019420983716587,7.56516711062653
"Kbrandonmcmanus",7.964,7.98,7.96,8,2,"16502-26247","Brandon McManus","K","FanDuel","","",8,4700,"DEN","ATL",TRUE,"brandonmcmanus",-0.019420983716587,7.8093312856811
"Kcalebsturgis",7.294666667,8.793333335,6.92,10.66666667,2,"16502-30261","Caleb Sturgis","K","FanDuel","","",10.66666667,4700,"PHI","DET",FALSE,"calebsturgis",-0.019420983716587,7.15299706444226
"Kchrisboswell",7.519,6.955,6.25,7.66,2,"16502-32058","Chris Boswell","K","FanDuel","","",6.25,4700,"PIT","NYJ",TRUE,"chrisboswell",-0.0132251051878182,7.4195604340928
"Kcodyparkey",6.649,8.805,6.11,11.5,2,"16502-31280","Cody Parkey","K","FanDuel","","",11.5,4500,"CLE","NE",TRUE,"codyparkey",0,6.649
"Kconnorbarth",6.281,5.045,3.5,6.59,2,"16502-6427","Connor Barth","K","FanDuel","","",3.5,4500,"CHI","IND",FALSE,"connorbarth",-0.019420983716587,6.15901680127612
"Kdancarpenter",6.762,7.09,6.68,7.5,2,"16502-6810","Dan Carpenter","K","FanDuel","","",7.5,4600,"BUF","LA",FALSE,"dancarpenter",0.0102529510959624,6.8313304553109
"Kdustinhopkins",7.768,9.76,7.27,12.25,2,"16502-24912","Dustin Hopkins","K","FanDuel","","",12.25,4800,"WAS","BAL",FALSE,"dustinhopkins",0.0261474583660779,7.97111345658769
"Kgregzuerlein",6.632,7.24,6.48,8,2,"16502-22109","Greg Zuerlein","K","FanDuel","","",8,4600,"LA","BUF",TRUE,"gregzuerlein",-0.019420983716587,6.5032000359916
"Kjoshbrown",7.7003333333,7.9816666665,7.63,8.333333333,2,"16502-6522","Josh Brown","K","FanDuel","","",8.333333333,4800,"NYG","GB",FALSE,"joshbrown",-0.019420983716587,7.55078528502169
"Kjoshlambo",7.986,8.77,7.79,9.75,2,"16502-32429","Josh Lambo","K","FanDuel","","",9.75,4600,"SD","OAK",FALSE,"joshlambo",0.044219373836472,8.33913591945807
"Kjustintucker",8.902,10.39,8.53,12.25,2,"16502-23045","Justin Tucker","K","FanDuel","","",12.25,5000,"BAL","WAS",TRUE,"justintucker",0.080117901069805,9.6152095553234
"Kmasoncrosby",8.3023333333,7.8716666665,7.333333333,8.41,2,"16502-6897","Mason Crosby","K","FanDuel","","",7.333333333,4500,"GB","NYG",TRUE,"masoncrosby",0.0409356817957123,8.6421950087939
"Kmattbryant",7.242,8.69,6.88,10.5,2,"16502-10647","Matt Bryant","K","FanDuel","","",10.5,4800,"ATL","DEN",FALSE,"mattbryant",-0.019420983716587,7.10135323592448
"Kmattprater",7.182,7.99,6.98,9,2,"16502-6782","Matt Prater","K","FanDuel","","",9,4600,"DET","PHI",TRUE,"mattprater",-0.019420983716587,7.04251849494747
"Kmikenugent",7.747,9.415,7.33,11.5,2,"16502-6636","Mike Nugent","K","FanDuel","","",11.5,4600,"CIN","DAL",FALSE,"mikenugent",-0.019420983716587,7.5965456391476
"Knickfolk",6.686,7.27,6.54,8,2,"16502-6642","Nick Folk","K","FanDuel","","",8,4500,"NYJ","PIT",FALSE,"nickfolk",-0.0153296686025708,6.58350583572321
"Knicknovak",7.380333333,9.581666665,6.83,12.33333333,2,"16502-12090","Nick Novak","K","FanDuel","","",12.33333333,4600,"HOU","MIN",FALSE,"nicknovak",-0.019420983716587,7.23699999951682
"Kryansuccop",6.22,5.9,5.5,6.3,2,"16502-6767","Ryan Succop","K","FanDuel","","",5.5,4500,"TEN","MIA",FALSE,"ryansuccop",-0.019420983716587,6.09920148128283
"Ksebastianjanikowski",6.947,6.415,5.75,7.08,2,"16502-7831","Sebastian Janikowski","K","FanDuel","","",5.75,4800,"OAK","SD",TRUE,"sebastianjanikowski",-0.019420983716587,6.81208242612087
"Kstephengostkowski",8.76,8.2,7.5,8.9,2,"16502-7900","Stephen Gostkowski","K","FanDuel","","",7.5,5100,"NE","CLE",FALSE,"stephengostkowski",0.0987751796585774,9.62527057380914
"QBaaronrodgers",22.439333242,22.59666621,22.4,22.79333242,2,"16502-6894","Aaron Rodgers","QB","FanDuel","","",22.79333242,9100,"GB","NYG",TRUE,"aaronrodgers",0.00365373743038799,22.5213206737792
"QBandrewluck",20.392000084,20.16000042,19.87000084,20.45,2,"16502-21939","Andrew Luck","QB","FanDuel","Q","Shoulder",19.87000084,8600,"IND","CHI",TRUE,"andrewluck",0.109526487547265,22.625464227264
"QBandydalton",17.627000034,16.85500017,15.89000034,17.82,2,"16502-14225","Andy Dalton","QB","FanDuel","","",15.89000034,7800,"CIN","DAL",FALSE,"andydalton",0.0176402918012848,17.937945458181
"QBbenroethlisberger",21.277000061,21.425000305,21.24,21.61000061,2,"16502-6589","Ben Roethlisberger","QB","FanDuel","","",21.61000061,8600,"PIT","NYJ",TRUE,"benroethlisberger",-0.231363122002341,16.354286900043
"QBbrandonweeden",1.140333303,5.701666515,0,11.40333303,2,"16502-21959","Brandon Weeden","QB","FanDuel","","",11.40333303,6000,"HOU","MIN",FALSE,"brandonweeden",0.112584046952094,1.26871664112599
"QBbrianhoyer",17.034666626,15.65333313,13.92666626,17.38,2,"16502-7872","Brian Hoyer","QB","FanDuel","","",13.92666626,6000,"CHI","IND",FALSE,"brianhoyer",0.0644572062254292,18.1326736456935
"QBbrockosweiler",13.471999958,13.67999979,13.42,13.93999958,2,"16502-21994","Brock Osweiler","QB","FanDuel","","",13.93999958,7200,"HOU","MIN",FALSE,"brockosweiler",-0.104127055379507,12.0692002723006
"QBcarsonwentz",18.49300002,18.1050001,17.6200002,18.59,2,"16502-70324","Carson Wentz","QB","FanDuel","","",17.6200002,7500,"PHI","DET",FALSE,"carsonwentz",-0.0284729910028239,17.9664489968153
"QBcasekeenum",8.825,10.125,8.5,11.75,2,"16502-22994","Case Keenum","QB","FanDuel","","",11.75,6600,"LA","BUF",TRUE,"casekeenum",0.185217832898251,10.4595473753271
"QBcodykessler",6.723000034,8.57500017,6.26,10.89000034,2,"16502-29587","Cody Kessler","QB","FanDuel","","",10.89000034,6400,"CLE","NE",TRUE,"codykessler",0.0340400321317123,6.95185117117886
"QBdakprescott",16.694500008,17.07250004,16.6,17.54500008,2,"16502-31716","Dak Prescott","QB","FanDuel","","",17.54500008,7300,"DAL","CIN",TRUE,"dakprescott",-0.0796338872516884,15.3650520766396
"QBderekcarr",19.720500061,20.282500305,19.58,20.98500061,2,"16502-45859","Derek Carr","QB","FanDuel","","",20.98500061,8100,"OAK","SD",TRUE,"derekcarr",-0.276925163101434,14.2593973651657
"QBelimanning",17.797000023,16.225000115,14.26000023,18.19,2,"16502-6826","Eli Manning","QB","FanDuel","","",14.26000023,7700,"NYG","GB",FALSE,"elimanning",0.0685941888276864,19.017770803144
"QBgenosmith",2.1,10.5,0,21,2,"16502-26483","Geno Smith","QB","FanDuel","","",21,5000,"NYJ","PIT",FALSE,"genosmith",0.35110861490656,2.83732809130378
"QBjoeflacco",17.606500084,17.11250042,16.49500084,17.73,2,"16502-6714","Joe Flacco","QB","FanDuel","","",16.49500084,7600,"BAL","WAS",TRUE,"joeflacco",0.116398356215015,19.6558677524771
"QBkirkcousins",17.371500008,17.33750004,17.29500008,17.38,2,"16502-22038","Kirk Cousins","QB","FanDuel","","",17.29500008,7500,"WAS","BAL",FALSE,"kirkcousins",-0.0654252456830908,16.2349653520928
"QBmarcusmariota",15.302000019,14.190000095,12.80000019,15.58,2,"16502-29358","Marcus Mariota","QB","FanDuel","","",12.80000019,7000,"TEN","MIA",FALSE,"marcusmariota",0.0594772498985578,16.2121208980778
"QBmarksanchez",1.570000005,6.330000025,0.38,12.28000005,2,"16502-6687","Mark Sanchez","QB","FanDuel","","",12.28000005,5000,"DAL","CIN",TRUE,"marksanchez",0.250856085229134,1.96384406006402
"QBmatthewstafford",17.883999992,18.85999996,17.64,20.07999992,2,"16502-6654","Matthew Stafford","QB","FanDuel","","",20.07999992,8200,"DET","PHI",TRUE,"matthewstafford",0.157023025396447,20.6921997769339
"QBmattryan",17.914500069,22.132500345,16.86,27.40500069,2,"16502-6616","Matt Ryan","QB","FanDuel","","",27.40500069,7700,"ATL","DEN",FALSE,"mattryan",-0.234939996292074,13.7056674892148
"QBmattschaub",1.530000019,7.650000095,0,15.30000019,2,"16502-6679","Matt Schaub","QB","FanDuel","","",15.30000019,6000,"ATL","DEN",FALSE,"mattschaub",-0.404451075747687,0.911189865421468
"QBpaxtonlynch",14.872999962,12.88499981,10.39999962,15.37,2,"16502-33463","Paxton Lynch","QB","FanDuel","","",10.39999962,6800,"DEN","ATL",TRUE,"paxtonlynch",-0.0547768403126744,14.0583040181111
"QBphiliprivers",19.9895,18.8275,17.375,20.28,2,"16502-7968","Philip Rivers","QB","FanDuel","","",17.375,8300,"SD","OAK",FALSE,"philiprivers",0.0726836991482085,21.4424108041231
"QBryanfitzpatrick",16.070499969,14.792499845,13.19499969,16.39,2,"16502-7659","Ryan Fitzpatrick","QB","FanDuel","","",13.19499969,6900,"NYJ","PIT",FALSE,"ryanfitzpatrick",0.120607652952442,18.0087252520334
"QBryanmallett",1.099142892,5.49571446,0,10.99142892,2,"16502-14267","Ryan Mallett","QB","FanDuel","","",10.99142892,6000,"BAL","WAS",TRUE,"ryanmallett",0.210815818233777,1.33085960013282
"QBryantannehill",16.293999985,16.789999925,16.17,17.40999985,2,"16502-21948","Ryan Tannehill","QB","FanDuel","","",17.40999985,7100,"MIA","TEN",TRUE,"ryantannehill",0.0586941018966871,17.2503616804242
"QBsambradford",14.185333354,14.52666677,14.1,14.95333354,2,"16502-11414","Sam Bradford","QB","FanDuel","","",14.95333354,7400,"MIN","HOU",TRUE,"sambradford",-0.255970595749792,10.5543051244672
"QBshaunhill",1.374999977,5.314999885,0.39,10.23999977,2,"16502-6844","Shaun Hill","QB","FanDuel","","",10.23999977,6000,"MIN","HOU",TRUE,"shaunhill",-0.363440132181228,0.875269803609935
"QBtombrady",21.383000076,21.63500038,21.32,21.95000076,2,"16502-6498","Tom Brady","QB","FanDuel","","",21.95000076,8700,"NE","CLE",FALSE,"tombrady",-0.0569618348608176,20.164985156842
"QBtyrodtaylor",15.770999954,15.97499977,15.72,16.22999954,2,"16502-14377","Tyrod Taylor","QB","FanDuel","","",16.22999954,7600,"BUF","LA",FALSE,"tyrodtaylor",0.163109511874219,18.3434000582653
"RBalfredblue",1.8925,1.6625,1.375,1.95,2,"16502-31406","Alfred Blue","RB","FanDuel","","",1.375,4600,"HOU","MIN",FALSE,"alfredblue",0.145881092915132,2.16857996834189
"RBalfredmorris",4.4790000191,4.9550000955,4.36,5.550000191,2,"16502-22113","Alfred Morris","RB","FanDuel","","",5.550000191,5100,"DAL","CIN",TRUE,"alfredmorris",0.165403935172239,5.21984424789568
"RBandyjanovich",1.6193333206,2.736666603,1.34,4.133333206,2,"16502-27273","Andy Janovich","RB","FanDuel","","",4.133333206,4500,"DEN","ATL",TRUE,"andyjanovich",-0.118936050441932,1.42673621109882
"RBarianfoster",4.2919999809,5.1399999045,4.08,6.199999809,2,"16502-10777","Arian Foster","RB","FanDuel","Q","Hamstring",6.199999809,6700,"MIA","TEN",TRUE,"arianfoster",0.0255623770505184,4.40171370271258
"RBbennycunningham",1.8874999976,1.837499988,1.774999976,1.9,2,"16502-39649","Benny Cunningham","RB","FanDuel","Q","Thigh",1.774999976,4600,"LA","BUF",TRUE,"bennycunningham",0.32873837012652,2.50799367042483
"RBbilalpowell",7.9235000191,7.2575000955,6.425000191,8.09,2,"16502-14320","Bilal Powell","RB","FanDuel","","",6.425000191,5100,"NYJ","PIT",FALSE,"bilalpowell",-0.138322002339076,6.82750563092438
"RBbobbyrainey",5.1179999809,5.7099999045,4.97,6.449999809,2,"16502-22958","Bobby Rainey","RB","FanDuel","","",6.449999809,4900,"NYG","GB",FALSE,"bobbyrainey",-0.340278392589574,3.37645517412588
"RBchristhompson",6.0024999809,6.8124999045,5.8,7.824999809,2,"16502-24891","Chris Thompson","RB","FanDuel","","",7.824999809,5400,"WAS","BAL",FALSE,"christhompson",-0.133923394380333,5.19862480868999
"RBcjanderson",15.763,15.535,15.25,15.82,2,"16502-29249","C.J. Anderson","RB","FanDuel","","",15.25,8000,"DEN","ATL",TRUE,"cjanderson",-0.238024956951991,12.0110126035658
"RBdamienwilliams",3.9543333079,4.6116665395,3.79,5.433333079,2,"16502-27441","Damien Williams","RB","FanDuel","","",5.433333079,4900,"MIA","TEN",TRUE,"damienwilliams",-0.0710076822852133,3.6735452647228
"RBdarrensproles",8.719999949,9.599999745,8.5,10.69999949,2,"16502-7972","Darren Sproles","RB","FanDuel","","",10.69999949,5400,"PHI","DET",FALSE,"darrensproles",0.0192530076309183,8.8878861745597
"RBdeandrewashington",10.0159999905,7.7199999525,4.849999905,10.59,2,"16502-32613","DeAndre Washington","RB","FanDuel","","",4.849999905,4700,"OAK","SD",TRUE,"deandrewashington",-0.0861991325722463,9.15262947947527
"RBdeangelowilliams",6.249499962,10.92749981,5.08,16.77499962,2,"16502-6732","DeAngelo Williams","RB","FanDuel","","",16.77499962,5700,"PIT","NYJ",TRUE,"deangelowilliams",0.362894538734413,8.51740936803072
"RBdemarcomurray",17.072499962,19.16249981,16.55,21.77499962,2,"16502-14254","DeMarco Murray","RB","FanDuel","","",21.77499962,8400,"TEN","MIA",FALSE,"demarcomurray",-0.0471258103600123,16.2679445664195
"RBderrickhenry",4.9950000191,4.5750000955,4.050000191,5.1,2,"16502-39280","Derrick Henry","RB","FanDuel","","",4.050000191,5200,"TEN","MIA",FALSE,"derrickhenry",-0.117389352696196,4.40864020014037
"RBdevontaebooker",4.2649999905,3.5249999525,2.599999905,4.45,2,"16502-39580","Devontae Booker","RB","FanDuel","","",2.599999905,5100,"DEN","ATL",TRUE,"devontaebooker",0.190387679464893,5.07700344160909
"RBdevontafreeman",13.282500038,13.81250019,13.15,14.47500038,2,"16502-24920","Devonta Freeman","RB","FanDuel","","",14.47500038,7400,"ATL","DEN",FALSE,"devontafreeman",0.136432574029349,15.0946657077293
"RBdextermccluster",3.296,2.72,2,3.44,2,"16502-11454","Dexter McCluster","RB","FanDuel","","",2,4500,"SD","OAK",FALSE,"dextermccluster",0.158759116598178,3.8192700483076
"RBdjfoster",1.399999976,1.399999976,1.399999976,1.399999976,1,"16502-29183","D.J. Foster","RB","FanDuel","","",1.399999976,4700,"NE","CLE",FALSE,"djfoster",-0.229829794016657,1.07823826989259
"RBdukejohnsonjr",8.324999809,8.324999809,8.324999809,8.324999809,1,"16502-25837","Duke Johnson Jr.","RB","FanDuel","","",8.324999809,5300,"CLE","NE",TRUE,"dukejohnsonjr",0.116491818585877,9.29479417647749
"RBdwaynewashington",4.3105000095,4.0725000475,3.775000095,4.37,2,"16502-34729","Dwayne Washington","RB","FanDuel","Q","Ankle",3.775000095,5200,"DET","PHI",TRUE,"dwaynewashington",0,4.3105000095
"RBeddielacy",11.6999999746,10.099999873,8.099999746,12.1,2,"16502-30968","Eddie Lacy","RB","FanDuel","","",8.099999746,7100,"GB","NYG",TRUE,"eddielacy",-0.0126008937930662,11.5525695175412
"RBezekielelliott",15.213999962,15.62999981,15.11,16.14999962,2,"16502-38791","Ezekiel Elliott","RB","FanDuel","","",16.14999962,7900,"DAL","CIN",TRUE,"ezekielelliott",0.00113428809198046,15.2312570209883
"RBfrankgore",13.101000038,13.54500019,12.99,14.10000038,2,"16502-6840","Frank Gore","RB","FanDuel","","",14.10000038,6500,"IND","CHI",TRUE,"frankgore",0.144069515112133,14.9884547609587
"RBgiovanibernard",9.3979999809,9.3099999045,9.199999809,9.42,2,"16502-25290","Giovani Bernard","RB","FanDuel","","",9.199999809,5500,"CIN","DAL",FALSE,"giovanibernard",0.161905890267567,10.9195915345422
"RBisaiahcrowell",11.974499924,13.95249962,11.48,16.42499924,2,"16502-54684","Isaiah Crowell","RB","FanDuel","","",16.42499924,6800,"CLE","NE",TRUE,"isaiahcrowell",0.00415893141681756,12.0243010479346
"RBisaiahpead",2.1449999976,1.924999988,1.649999976,2.2,2,"16502-21984","Isaiah Pead","RB","FanDuel","","",1.649999976,4500,"MIA","TEN",TRUE,"isaiahpead",-0.0607407641136594,2.01471105872198
"RBjalenrichard",6.699999809,6.699999809,6.699999809,6.699999809,1,"16502-33578","Jalen Richard","RB","FanDuel","","",6.699999809,4900,"OAK","SD",TRUE,"jalenrichard",0.02338058526217,6.85664972579085
"RBjamesstarks",3.7203333333,2.8816666665,1.833333333,3.93,2,"16502-11609","James Starks","RB","FanDuel","","",1.833333333,4700,"GB","NYG",TRUE,"jamesstarks",0.189259281726841,4.42444094774478
"RBjameswhite",7.9689999905,6.8049999525,5.349999905,8.26,2,"16502-28930","James White","RB","FanDuel","","",5.349999905,5500,"NE","CLE",FALSE,"jameswhite",-0.314605756499564,5.46190671994373
"RBjamizeolawale",2.5545000095,2.6525000475,2.53,2.775000095,2,"16502-23046","Jamize Olawale","RB","FanDuel","","",2.775000095,4500,"OAK","SD",TRUE,"jamizeolawale",-0.186219928281551,2.07880120093569
"RBjavoriusallen",3.3409999952,3.544999976,3.29,3.799999952,2,"16502-29645","Javorius Allen","RB","FanDuel","","",3.799999952,5600,"BAL","WAS",TRUE,"javoriusallen",-0.00324804858889149,3.3301482648801
"RBjayajayi",7.2809999873,6.8449999365,6.299999873,7.39,2,"16502-46882","Jay Ajayi","RB","FanDuel","","",6.299999873,5600,"MIA","TEN",TRUE,"jayajayi",0.0128195909814877,7.3743394290734
"RBjeremyhill",11.365499981,11.347499905,11.32499981,11.37,2,"16502-31397","Jeremy Hill","RB","FanDuel","Q","Chest",11.32499981,7300,"CIN","DAL",FALSE,"jeremyhill",0.144343570707003,13.0060368311279
"RBjerickmckinnon",11.9680000191,9.5600000955,6.550000191,12.57,2,"16502-54608","Jerick McKinnon","RB","FanDuel","","",6.550000191,6200,"MIN","HOU",TRUE,"jerickmckinnon",-0.0348517985590179,11.55089369328
"RBjoiquebell",1.8780000024,1.310000012,0.600000024,2.02,2,"16502-11712","Joique Bell","RB","FanDuel","","",0.600000024,5600,"CHI","IND",FALSE,"joiquebell",0.0726626495638993,2.01446045845539
"RBjordanhoward",14.032,12.24,10,14.48,2,"16502-42142","Jordan Howard","RB","FanDuel","","",10,7200,"CHI","IND",FALSE,"jordanhoward",0.00788771595815096,14.1426804303248
"RBjoshferguson",4.7655000191,4.9475000955,4.72,5.175000191,2,"16502-27692","Josh Ferguson","RB","FanDuel","","",5.175000191,4500,"IND","CHI",TRUE,"joshferguson",0.155814386982179,5.50803348323963
"RBkenjonbarner",2.5386666794,3.573333397,2.28,4.866666794,2,"16502-29357","Kenjon Barner","RB","FanDuel","","",4.866666794,5300,"PHI","DET",FALSE,"kenjonbarner",-0.072707107834589,2.35408756738479
"RBkennethfarrow",1.0119999952,1.139999976,0.98,1.299999952,2,"16502-31874","Kenneth Farrow","RB","FanDuel","","",1.299999952,4500,"SD","OAK",FALSE,"kennethfarrow",0.229829794016658,1.24458774564167
"RBkenyandrake",4.9556666794,5.138333397,4.91,5.366666794,2,"16502-30989","Kenyan Drake","RB","FanDuel","","",5.366666794,5100,"MIA","TEN",TRUE,"kenyandrake",0.0404581190989208,5.15616363212972
"RBkylejuszczyk",2.1744999905,2.7524999525,2.03,3.474999905,2,"16502-39428","Kyle Juszczyk","RB","FanDuel","","",3.474999905,4500,"BAL","WAS",TRUE,"kylejuszczyk",-0.213944595483258,1.70927746965413
"RBlamarmiller",13.601000038,13.04500019,12.35000038,13.74,2,"16502-22037","Lamar Miller","RB","FanDuel","","",12.35000038,7800,"HOU","MIN",FALSE,"lamarmiller",0.115967793052308,15.1782779957112
"RBlataviusmurray",1.1625,5.8125,0,11.625,2,"16502-34331","Latavius Murray","RB","FanDuel","Q","Toe",11.625,6100,"OAK","SD",TRUE,"lataviusmurray",-0.182258544437073,0.950624442091903
"RBleveonbell",18.400999924,19.24499962,18.19,20.29999924,2,"16502-28181","Le'Veon Bell","RB","FanDuel","","",20.29999924,8600,"PIT","NYJ",TRUE,"leveonbell",0.196721929540405,22.0208801345221
"RBmalcolmjohnson",1.0553333333,0.9566666665,0.833333333,1.08,2,"16502-31703","Malcolm Johnson","RB","FanDuel","","",0.833333333,4500,"CLE","NE",TRUE,"malcolmjohnson",0.156626583594164,1.22062658784782
"RBmattasiata",6.2915,5.2175,3.875,6.56,2,"16502-14757","Matt Asiata","RB","FanDuel","","",3.875,5800,"MIN","HOU",TRUE,"mattasiata",-0.0849490716970253,5.75704291541817
"RBmattforte",12.269999962,13.54999981,11.95,15.14999962,2,"16502-6899","Matt Forte","RB","FanDuel","","",15.14999962,7100,"NYJ","PIT",FALSE,"mattforte",-0.238314770248809,9.34587774010307
"RBmattjones",10.5495,11.0275,10.43,11.625,2,"16502-30244","Matt Jones","RB","FanDuel","","",11.625,6900,"WAS","BAL",FALSE,"mattjones",-0.205589546421196,8.3806330800296
"RBmelvingordon",15.680500038,16.92250019,15.37,18.47500038,2,"16502-28900","Melvin Gordon","RB","FanDuel","","",18.47500038,7700,"SD","OAK",FALSE,"melvingordon",0.0271269351535692,16.1058639457064
"RBmichaelburton",2.9627500048,2.373750024,1.637500048,3.11,2,"16502-26057","Michael Burton","RB","FanDuel","","",1.637500048,4500,"DET","PHI",TRUE,"michaelburton",0.163654782054121,3.44761821111639
"RBmikegillislee",2.8819999952,3.289999976,2.78,3.799999952,2,"16502-30237","Mike Gillislee","RB","FanDuel","","",3.799999952,4800,"BUF","LA",FALSE,"mikegillislee",-0.0178135960132327,2.83066121157537
"RBorleansdarkwa",6.2246666921,7.0433334605,6.02,8.066666921,2,"16502-33691","Orleans Darkwa","RB","FanDuel","","",8.066666921,6000,"NYG","GB",FALSE,"orleansdarkwa",-0.377657882096742,3.87387225240338
"RBpaulperkins",4.104,6.28,3.56,9,2,"16502-29866","Paul Perkins","RB","FanDuel","","",9,4500,"NYG","GB",FALSE,"paulperkins",-0.36928925866322,2.58843688244614
"RBronniehillman",1.4737499619,4.9687498095,0.6,9.337499619,2,"16502-22003","Ronnie Hillman","RB","FanDuel","","",9.337499619,4800,"MIN","HOU",TRUE,"ronniehillman",-0.0949925803118145,1.33375465028468
"RBryanmathews",8.6323333588,9.121666794,8.51,9.733333588,2,"16502-11425","Ryan Mathews","RB","FanDuel","","",9.733333588,6300,"PHI","DET",FALSE,"ryanmathews",-0.0241738991685171,8.42365620259534
"RBterrancewest",11.2384999619,10.0324998095,8.524999619,11.54,2,"16502-54607","Terrance West","RB","FanDuel","","",8.524999619,6400,"BAL","WAS",TRUE,"terrancewest",-0.0761870552435198,10.3822717444484
"RBtevincoleman",8.8185,11.7325,8.09,15.375,2,"16502-27776","Tevin Coleman","RB","FanDuel","","",15.375,5900,"ATL","DEN",FALSE,"tevincoleman",0.217359982031825,10.7352890015476
"RBtheoriddick",11.786500038,12.09250019,11.71,12.47500038,2,"16502-33465","Theo Riddick","RB","FanDuel","","",12.47500038,6200,"DET","PHI",TRUE,"theoriddick",0.181120942316332,13.921282031494
"RBtoddgurley",14.189000038,12.70500019,10.85000038,14.56,2,"16502-30447","Todd Gurley","RB","FanDuel","","",10.85000038,7600,"LA","BUF",TRUE,"toddgurley",0.189603527399201,16.8792844954722
"RBwendellsmallwood",6.7030000127,6.0350000635,5.200000127,6.87,2,"16502-38509","Wendell Smallwood","RB","FanDuel","","",5.200000127,5900,"PHI","DET",FALSE,"wendellsmallwood",-0.150262982973272,5.69578723592182
"RBzachzenner",4.4130000095,4.1850000475,3.900000095,4.47,2,"16502-62616","Zach Zenner","RB","FanDuel","","",3.900000095,5400,"DET","PHI",TRUE,"zachzenner",0.155733344425474,5.10025125992908
"TEanthonyfasano",1.1190000012,0.755000006,0.300000012,1.21,2,"16502-6778","Anthony Fasano","TE","FanDuel","","",0.300000012,4500,"TEN","MIA",FALSE,"anthonyfasano",0.174163994562817,1.31388951132479
"TEaustinhooper",2.316,4.62,1.74,7.5,2,"16502-40126","Austin Hooper","TE","FanDuel","","",7.5,4500,"ATL","DEN",FALSE,"austinhooper",0.158545419796322,2.68319119224828
"TEaustinseferianjenkins",3.4839999809,4.5799999045,3.21,5.949999809,2,"16502-16923","Austin Seferian-Jenkins","TE","FanDuel","","",5.949999809,4600,"NYJ","PIT",FALSE,"austinseferianjenkins",-0.384642765814063,2.14390459215048
"TEbrandonbostick",1.791,0.995,0,1.99,2,"16502-23055","Brandon Bostick","TE","FanDuel","","",0,4500,"NYJ","PIT",FALSE,"brandonbostick",-0.102603548646017,1.60723704437498
"TEbrentcelek",2.0256666603,2.4883333015,1.91,3.066666603,2,"16502-6742","Brent Celek","TE","FanDuel","","",3.066666603,5100,"PHI","DET",FALSE,"brentcelek",0.0489253144337547,2.12477303859315
"TEcjfiedorowicz",2.8555,3.1975,2.77,3.625,2,"16502-27908","C.J. Fiedorowicz","TE","FanDuel","Q","Knee - mcl",3.625,4500,"HOU","MIN",FALSE,"cjfiedorowicz",0.141937471946981,3.2608024511446
"TEcjuzomah",4.6734999905,4.8074999525,4.64,4.974999905,2,"16502-31207","C.J. Uzomah","TE","FanDuel","","",4.974999905,5100,"CIN","DAL",FALSE,"cjuzomah",0.0180785014476179,4.7579898668437
"TEcrockettgillmore",2.1900000064,2.150000032,2.100000064,2.2,2,"16502-45723","Crockett Gillmore","TE","FanDuel","","",2.100000064,4600,"BAL","WAS",TRUE,"crockettgillmore",-0.0226924941446688,2.14030344407794
"TEdelaniewalker",9.9133333206,9.566666603,9.133333206,10,2,"16502-6863","Delanie Walker","TE","FanDuel","","",9.133333206,6400,"TEN","MIA",FALSE,"delaniewalker",0.216078099558643,12.0553875448066
"TEdennispitta",8.4215,8.0675,7.625,8.51,2,"16502-11532","Dennis Pitta","TE","FanDuel","","",7.625,5500,"BAL","WAS",TRUE,"dennispitta",0.22271446698142,10.297089883684
"TEdionsims",2.855333346,3.15666673,2.78,3.53333346,2,"16502-28144","Dion Sims","TE","FanDuel","","",3.53333346,4500,"MIA","TEN",TRUE,"dionsims",-0.0449468492917742,2.72699510841956
"TEdwayneallen",6.8259999809,6.7699999045,6.699999809,6.84,2,"16502-22004","Dwayne Allen","TE","FanDuel","","",6.699999809,5600,"IND","CHI",TRUE,"dwayneallen",-0.171846264183918,5.65297738486284
"TEgarybarnidge",7.796,7.22,6.5,7.94,2,"16502-6422","Gary Barnidge","TE","FanDuel","","",6.5,5700,"CLE","NE",TRUE,"garybarnidge",0.0765881246701874,8.39308101992878
"TEgeoffswaim",1.0266666667,1.5333333335,0.9,2.166666667,2,"16502-38523","Geoff Swaim","TE","FanDuel","","",2.166666667,4500,"DAL","CIN",TRUE,"geoffswaim",-0.128768512437243,0.894464327260139
"TEhunterhenry",8.1539999746,8.129999873,8.099999746,8.16,2,"16502-40845","Hunter Henry","TE","FanDuel","","",8.099999746,5400,"SD","OAK",FALSE,"hunterhenry",0.388822457715378,11.3244582849351
"TEjackdoyle",6.5114999809,7.3174999045,6.31,8.324999809,2,"16502-39859","Jack Doyle","TE","FanDuel","","",8.324999809,4700,"IND","CHI",TRUE,"jackdoyle",0.0114900479057733,6.58631742761898
"TEjacobtamme",7.3365000191,8.0425000955,7.16,8.925000191,2,"16502-6664","Jacob Tamme","TE","FanDuel","","",8.925000191,5400,"ATL","DEN",FALSE,"jacobtamme",0.186483934098503,8.70463940517551
"TEjasonwitten",7.9709999905,7.6949999525,7.349999905,8.04,2,"16502-6641","Jason Witten","TE","FanDuel","","",7.349999905,5800,"DAL","CIN",TRUE,"jasonwitten",-0.208108432787275,6.31216767472966
"TEjeffheuerman",1.6940000095,2.2300000475,1.56,2.900000095,2,"16502-28487","Jeff Heuerman","TE","FanDuel","Q","Groin",2.900000095,4500,"DEN","ATL",TRUE,"jeffheuerman",-0.288533622888251,1.20522404958623
"TEjessejames",6.6925,6.6625,6.625,6.7,2,"16502-28694","Jesse James","TE","FanDuel","","",6.625,4500,"PIT","NYJ",TRUE,"jessejames",-0.217764109840841,5.23511369489017
"TEjohnphillips",3.1120000095,5.2400000475,2.58,7.900000095,2,"16502-6823","John Phillips","TE","FanDuel","","",7.900000095,4700,"DEN","ATL",TRUE,"johnphillips",-0.13617281231546,2.68823021628065
"TEjordanreed",12.204999981,12.424999905,12.15,12.69999981,2,"16502-30298","Jordan Reed","TE","FanDuel","","",12.69999981,7800,"WAS","BAL",FALSE,"jordanreed",0.196731108093284,14.6061031515406
"TEjustinperillo",1.5299999952,1.649999976,1.5,1.799999952,2,"16502-54694","Justin Perillo","TE","FanDuel","","",1.799999952,4500,"GB","NYG",TRUE,"justinperillo",-0.28335203575831,1.09647138184988
"TEkellendavis",1.143,0.635,0,1.27,2,"16502-7001","Kellen Davis","TE","FanDuel","","",0,4500,"NYJ","PIT",FALSE,"kellendavis",-0.192964849915084,0.922441176547059
"TEkylerudolph",9.555999962,10.81999981,9.24,12.39999962,2,"16502-14237","Kyle Rudolph","TE","FanDuel","Q","Ribs",12.39999962,5500,"MIN","HOU",TRUE,"kylerudolph",-0.166208070907582,7.96771564272306
"TElancekendricks",4.6154999809,4.5974999045,4.574999809,4.62,2,"16502-14240","Lance Kendricks","TE","FanDuel","","",4.574999809,4500,"LA","BUF",TRUE,"lancekendricks",-0.0670419248305058,4.3060679781253
"TEloganpaulsen",1.108,1.06,1,1.12,2,"16502-12055","Logan Paulsen","TE","FanDuel","","",1,4500,"CHI","IND",FALSE,"loganpaulsen",-0.0386046761254573,1.06522601885299
"TEmartellusbennett",8.1879999809,8.8599999045,8.02,9.699999809,2,"16502-6448","Martellus Bennett","TE","FanDuel","","",9.699999809,6300,"NE","CLE",FALSE,"martellusbennett",-0.100295211978427,7.36678278713628
"TEmychalrivera",1.1220000024,0.890000012,0.600000024,1.18,2,"16502-30807","Mychal Rivera","TE","FanDuel","","",0.600000024,4500,"OAK","SD",TRUE,"mychalrivera",0.364905828524851,1.53142434288066
"TEnickoleary",1.3080000064,1.660000032,1.22,2.100000064,2,"16502-24817","Nick O'Leary","TE","FanDuel","","",2.100000064,4500,"BUF","LA",FALSE,"nickoleary",-0.0226163684607177,1.27841779630864
"TEnilespaul",1.0559999905,1.5199999525,0.94,2.099999905,2,"16502-14355","Niles Paul","TE","FanDuel","","",2.099999905,4500,"WAS","BAL",FALSE,"nilespaul",0.126674411024582,1.18976816733855
"TErhettellison",1.104,1.28,1.06,1.5,2,"16502-22065","Rhett Ellison","TE","FanDuel","Q","Knee",1.5,4500,"MIN","HOU",TRUE,"rhettellison",-0.00713614273981733,1.09612169841524
"TErichardrodgers",6.1670000127,5.5150000635,4.700000127,6.33,2,"16502-29314","Richard Rodgers","TE","FanDuel","","",4.700000127,5000,"GB","NYG",TRUE,"richardrodgers",-0.241403309828733,4.67826579792038
"TEryangriffin",4.4639999809,4.6799999045,4.41,4.949999809,2,"16502-34073","Ryan Griffin","TE","FanDuel","","",4.949999809,4500,"HOU","MIN",FALSE,"ryangriffin",-0.0408062573232092,4.28184084898859
"TEseanmcgrath",1.1879999952,1.459999976,1.12,1.799999952,2,"16502-22220","Sean McGrath","TE","FanDuel","","",1.799999952,4500,"SD","OAK",FALSE,"seanmcgrath",0.300548759929798,1.54505192055397
"TEstephenanderson",1.0176666667,1.5283333335,0.89,2.166666667,2,"16502-29277","Stephen Anderson","TE","FanDuel","Q","Hamstring",2.166666667,4500,"HOU","MIN",FALSE,"stephenanderson",0.00209410141266098,1.01979776390435
"TEtreyburton",2.7499999619,5.1499998095,2.15,8.149999619,2,"16502-30297","Trey Burton","TE","FanDuel","","",8.149999619,4500,"PHI","DET",FALSE,"treyburton",0.139060159745801,3.13241539590276
"TEtylereifert",1.273076923,6.365384615,0,12.73076923,2,"16502-33557","Tyler Eifert","TE","FanDuel","Q","Back",12.73076923,6200,"CIN","DAL",FALSE,"tylereifert",-0.0726473612168043,1.18059124391804
"TEtylerhigbee",2.0869999994,1.314999997,0.349999994,2.28,2,"16502-47870","Tyler Higbee","TE","FanDuel","","",0.349999994,4500,"LA","BUF",TRUE,"tylerhigbee",0.217243389429988,2.54038695301004
"TEtylerkroft",2.975,3.875,2.75,5,2,"16502-26038","Tyler Kroft","TE","FanDuel","","",5,4500,"CIN","DAL",FALSE,"tylerkroft",0.118854773823369,3.32859295212452
"TEvernondavis",1.5319999873,2.5399999365,1.28,3.799999873,2,"16502-6870","Vernon Davis","TE","FanDuel","","",3.799999873,4600,"WAS","BAL",FALSE,"vernondavis",0.270436975524095,1.94630943036836
"TEwilltye",5.5415000048,4.667500024,3.575000048,5.76,2,"16502-24847","Will Tye","TE","FanDuel","","",3.575000048,4800,"NYG","GB",FALSE,"willtye",-0.260809120124772,4.09622626437669
"TExaviergrimble",1.734,3.63,1.26,6,2,"16502-29592","Xavier Grimble","TE","FanDuel","","",6,4500,"PIT","NYJ",TRUE,"xaviergrimble",-0.125482748038665,1.51641291490095
"TEzachertz",9.7630000191,9.3350000955,8.800000191,9.87,2,"16502-29780","Zach Ertz","TE","FanDuel","","",8.800000191,5600,"PHI","DET",FALSE,"zachertz",-0.0549298510282342,9.22671988246219
"WRadamthielen",4.971,5.095,4.94,5.25,2,"16502-39716","Adam Thielen","WR","FanDuel","","",5.25,4900,"MIN","HOU",TRUE,"adamthielen",-0.393293370602767,3.01593865473365
"WRajgreen",16.999000076,17.75500038,16.81,18.70000076,2,"16502-14187","A.J. Green","WR","FanDuel","","",18.70000076,8700,"CIN","DAL",FALSE,"ajgreen",0.575454722784792,26.7811549523532
"WRaldrickrobinson",2.538333346,4.09166673,2.15,6.03333346,2,"16502-14372","Aldrick Robinson","WR","FanDuel","","",6.03333346,4500,"ATL","DEN",FALSE,"aldrickrobinson",0.148530781845326,2.91535398246544
"WRamaricooper",13.046999981,12.114999905,10.94999981,13.28,2,"16502-31001","Amari Cooper","WR","FanDuel","","",10.94999981,7200,"OAK","SD",TRUE,"amaricooper",0.0213195404779769,13.3251560252111
"WRandreholmes",2.8539999873,2.8299999365,2.799999873,2.86,2,"16502-14761","Andre Holmes","WR","FanDuel","","",2.799999873,4500,"OAK","SD",TRUE,"andreholmes",0.0391518094911736,2.96573925109058
"WRandrejohnson",4.8095000191,4.5275000955,4.175000191,4.88,2,"16502-6681","Andre Johnson","WR","FanDuel","","",4.175000191,5200,"TEN","MIA",FALSE,"andrejohnson",0.0358132514344529,4.98174385255803
"WRandreroberts",1.1780000095,1.6100000475,1.07,2.150000095,2,"16502-11504","Andre Roberts","WR","FanDuel","","",2.150000095,4500,"DET","PHI",TRUE,"andreroberts",0.11155115480951,1.30940727092534
"WRandrewhawkins",3.605,3.225,2.75,3.7,2,"16502-12903","Andrew Hawkins","WR","FanDuel","","",2.75,4600,"CLE","NE",TRUE,"andrewhawkins",0.511670244484962,5.44957123136829
"WRanquanboldin",7.5034999619,7.9574998095,7.39,8.524999619,2,"16502-6479","Anquan Boldin","WR","FanDuel","","",8.524999619,6300,"DET","PHI",TRUE,"anquanboldin",0.236961998180817,9.28154430622151
"WRantoniobrown",19.224500038,19.00250019,18.72500038,19.28,2,"16502-11612","Antonio Brown","WR","FanDuel","","",18.72500038,9600,"PIT","NYJ",TRUE,"antoniobrown",0.783814366371439,34.2929393540927
"WRbrandonlafell",6.0595000095,6.3775000475,5.98,6.775000095,2,"16502-11495","Brandon LaFell","WR","FanDuel","","",6.775000095,5400,"CIN","DAL",FALSE,"brandonlafell",0.540165454247891,9.33263258464667
"WRbrandonmarshall",14.2835000381,12.2575001905,9.725000381,14.79,2,"16502-6759","Brandon Marshall","WR","FanDuel","","",9.725000381,7600,"NYJ","PIT",FALSE,"brandonmarshall",0.029493384984546,14.7047688036505
"WRbraxtonmiller",1.8310000024,1.395000012,0.850000024,1.94,2,"16502-28525","Braxton Miller","WR","FanDuel","","",0.850000024,4500,"HOU","MIN",FALSE,"braxtonmiller",0.214081577907196,2.22298337206187
"WRbreshadperriman",3.9875,3.9375,3.875,4,2,"16502-34295","Breshad Perriman","WR","FanDuel","","",3.875,4900,"BAL","WAS",TRUE,"breshadperriman",-0.455095191971217,2.17280792201477
"WRbrianquick",5.6664999809,7.2924999045,5.26,9.324999809,2,"16502-21972","Brian Quick","WR","FanDuel","","",9.324999809,4500,"LA","BUF",TRUE,"brianquick",0.272835127197479,7.21252022395336
"WRbricebutler",6.5864999952,5.292499976,3.674999952,6.91,2,"16502-39445","Brice Butler","WR","FanDuel","","",3.674999952,5100,"DAL","CIN",TRUE,"bricebutler",-0.546102865479243,2.98959347434226
"WRcameronmeredith",5.2599999905,4.2999999525,3.099999905,5.5,2,"16502-62538","Cameron Meredith","WR","FanDuel","","",3.099999905,4500,"CHI","IND",FALSE,"cameronmeredith",-0.0258797764513193,5.12387236661192
"WRcharonepeake",2.787,6.215,1.93,10.5,2,"16502-24621","Charone Peake","WR","FanDuel","","",10.5,4500,"NYJ","PIT",FALSE,"charonepeake",-0.0717203795595117,2.58711530216764
"WRchesterrogers",1.633333365,1.633333365,1.633333365,1.633333365,1,"16502-70372","Chester Rogers","WR","FanDuel","","",1.633333365,4500,"IND","CHI",TRUE,"chesterrogers",0.452775238750253,2.37286626929663
"WRchrishogan",7.2600000191,6.5000000955,5.550000191,7.45,2,"16502-14704","Chris Hogan","WR","FanDuel","","",5.550000191,5000,"NE","CLE",FALSE,"chrishogan",-0.171219005307472,6.01695003729747
"WRcodylatimer",1.1763333349,1.2016666745,1.17,1.233333349,2,"16502-27771","Cody Latimer","WR","FanDuel","","",1.233333349,4500,"DEN","ATL",TRUE,"codylatimer",-0.206989652038233,0.932844507228074
"WRcolebeasley",9.831499962,9.91749981,9.81,10.02499962,2,"16502-22288","Cole Beasley","WR","FanDuel","","",10.02499962,5500,"DAL","CIN",TRUE,"colebeasley",-0.479481044951768,5.11748208677697
"WRcordarrellepatterson",4.6655,3.6475,2.375,4.92,2,"16502-30733","Cordarrelle Patterson","WR","FanDuel","","",2.375,4600,"MIN","HOU",TRUE,"cordarrellepatterson",-0.243530592331604,3.5293080214769
"WRdannyamendola",5.0429999905,5.7349999525,4.87,6.599999905,2,"16502-8117","Danny Amendola","WR","FanDuel","","",6.599999905,5300,"NE","CLE",FALSE,"dannyamendola",-0.218482388807485,3.94119330581944
"WRdarriusheywardbey",3.4290000064,3.505000032,3.41,3.600000064,2,"16502-7784","Darrius Heyward-Bey","WR","FanDuel","","",3.600000064,4500,"PIT","NYJ",TRUE,"darriusheywardbey",0.347442613815092,4.62038073139558
"WRdavanteadams",6.898666654,7.37333327,6.78,7.96666654,2,"16502-45889","Davante Adams","WR","FanDuel","","",7.96666654,5500,"GB","NYG",TRUE,"davanteadams",-0.184491140170162,5.62592377734966
"WRdeandrehopkins",12.978000019,12.010000095,10.80000019,13.22,2,"16502-16606","DeAndre Hopkins","WR","FanDuel","","",10.80000019,8200,"HOU","MIN",FALSE,"deandrehopkins",0.0795407895409097,14.0102803871732
"WRdemaryiusthomas",13.731500019,13.817500095,13.71,13.92500019,2,"16502-11432","Demaryius Thomas","WR","FanDuel","Q","Hip",13.92500019,7700,"DEN","ATL",TRUE,"demaryiusthomas",-0.422851926914831,7.92510877653481
"WRdeseanjackson",10.7639999809,10.1799999045,9.449999809,10.91,2,"16502-6739","DeSean Jackson","WR","FanDuel","","",9.449999809,6700,"WAS","BAL",FALSE,"deseanjackson",0.183387505078164,12.7379830820587
"WRdevanteparker",9.907666692,9.97833346,9.89,10.06666692,2,"16502-33260","DeVante Parker","WR","FanDuel","","",10.06666692,6400,"MIA","TEN",TRUE,"devanteparker",-0.257835124732543,7.35312221465972
"WRdontrelleinman",7.7415,7.4675,7.125,7.81,2,"16502-14645","Dontrelle Inman","WR","FanDuel","","",7.125,6100,"SD","OAK",FALSE,"dontrelleinman",0.289802596517207,9.98500680093796
"WRdorialgreenbeckham",4.5183333333,3.9916666665,3.333333333,4.65,2,"16502-27134","Dorial Green-Beckham","WR","FanDuel","","",3.333333333,4900,"PHI","DET",FALSE,"dorialgreenbeckham",-0.389279444921958,2.7594390413406
"WRemmanuelsanders",13.527999981,14.159999905,13.37,14.94999981,2,"16502-11505","Emmanuel Sanders","WR","FanDuel","","",14.94999981,7100,"DEN","ATL",TRUE,"emmanuelsanders",-0.373779586258989,8.47150974519021
"WRericdecker",1.196666718,5.98333359,0,11.96666718,2,"16502-11501","Eric Decker","WR","FanDuel","Q","Shoulder",11.96666718,6800,"NYJ","PIT",FALSE,"ericdecker",-0.183955552444188,0.976533230798737
"WRgoldentate",7.3144999905,6.0524999525,4.474999905,7.63,2,"16502-11485","Golden Tate","WR","FanDuel","","",4.474999905,6400,"DET","PHI",TRUE,"goldentate",0.270083743379246,9.2900275288817
"WRgriffwhalen",1.0755555556,2.177777778,0.8,3.555555556,2,"16502-22447","Griff Whalen","WR","FanDuel","","",3.555555556,4500,"SD","OAK",FALSE,"griffwhalen",0,1.0755555556
"WRharrydouglas",1.0339999952,1.929999976,0.81,3.049999952,2,"16502-10030","Harry Douglas","WR","FanDuel","","",3.049999952,4500,"TEN","MIA",FALSE,"harrydouglas",-0.087343680581533,0.943686629897945
"WRjaelenstrong",2.7823333302,2.671666651,2.533333302,2.81,2,"16502-39373","Jaelen Strong","WR","FanDuel","","",2.533333302,4600,"HOU","MIN",FALSE,"jaelenstrong",0.306701631751663,3.63567950264938
"WRjalinmarshall",1.633333365,1.633333365,1.633333365,1.633333365,1,"16502-38790","Jalin Marshall","WR","FanDuel","Q","Shoulder",1.633333365,4700,"NYJ","PIT",FALSE,"jalinmarshall",-0.118053913742428,1.44051196881566
"WRjamisoncrowder",8.610999962,9.29499981,8.44,10.14999962,2,"16502-24755","Jamison Crowder","WR","FanDuel","","",10.14999962,5800,"WAS","BAL",FALSE,"jamisoncrowder",-0.191515965865803,6.96185598720717
"WRjaredabbrederis",1.1019999952,1.189999976,1.08,1.299999952,2,"16502-28933","Jared Abbrederis","WR","FanDuel","","",1.299999952,4500,"GB","NYG",TRUE,"jaredabbrederis",-0.305444434193711,0.765400230184664
"WRjarvislandry",13.983999962,14.27999981,13.91,14.64999962,2,"16502-31394","Jarvis Landry","WR","FanDuel","","",14.64999962,7500,"MIA","TEN",TRUE,"jarvislandry",-0.270572543483783,10.2003135242045
"WRjeffjanis",1.5568888847,1.3044444235,0.988888847,1.62,2,"16502-54623","Jeff Janis","WR","FanDuel","","",0.988888847,4500,"GB","NYG",TRUE,"jeffjanis",-0.334721325007825,1.03576497432326
"WRjordanmatthews",13.480000051,13.400000255,13.30000051,13.5,2,"16502-30837","Jordan Matthews","WR","FanDuel","","",13.30000051,7000,"PHI","DET",FALSE,"jordanmatthews",-0.328155273548091,9.05646694683582
"WRjordannorwood",2.5430000024,2.235000012,1.850000024,2.62,2,"16502-10531","Jordan Norwood","WR","FanDuel","","",1.850000024,4500,"DEN","ATL",TRUE,"jordannorwood",-0.178983456617679,2.08784507179168
"WRjordynelson",15.701999949,16.589999745,15.48,17.69999949,2,"16502-6893","Jordy Nelson","WR","FanDuel","","",17.69999949,8400,"GB","NYG",TRUE,"jordynelson",0.178739271969887,18.5085639883555
"WRjoshhuff",2.1086666698,1.823333349,1.466666698,2.18,2,"16502-29340","Josh Huff","WR","FanDuel","","",1.466666698,4500,"PHI","DET",FALSE,"joshhuff",-0.315676291712048,1.44301059502074
"WRjuliojones",15.517000076,17.26500038,15.08,19.45000076,2,"16502-14190","Julio Jones","WR","FanDuel","","",19.45000076,8900,"ATL","DEN",FALSE,"juliojones",0.49100665959556,23.1359504502608
"WRjustinhardy",2.9549999905,3.5749999525,2.8,4.349999905,2,"16502-33137","Justin Hardy","WR","FanDuel","Q","Shoulder",4.349999905,4800,"ATL","DEN",FALSE,"justinhardy",-0.0658478869365046,2.76041948522818
"WRjustinhunter",2.2462222392,3.391111196,1.96,4.822222392,2,"16502-30775","Justin Hunter","WR","FanDuel","","",4.822222392,4500,"BUF","LA",FALSE,"justinhunter",-0.113909039001981,1.99035722254785
"WRkamaraiken",2.9260000048,2.270000024,1.450000048,3.09,2,"16502-14905","Kamar Aiken","WR","FanDuel","","",1.450000048,5500,"BAL","WAS",TRUE,"kamaraiken",-0.485400115390086,1.50571926483869
"WRkendallwright",4.5150000095,3.5750000475,2.400000095,4.75,2,"16502-21957","Kendall Wright","WR","FanDuel","","",2.400000095,4700,"TEN","MIA",FALSE,"kendallwright",0.0854578468440863,4.9008421888129
"WRkennystills",7.495,8.275,7.3,9.25,2,"16502-27457","Kenny Stills","WR","FanDuel","","",9.25,5700,"MIA","TEN",TRUE,"kennystills",-0.244287821134174,5.66406278059937
"WRlaquontreadwell",2.106,1.17,0,2.34,2,"16502-41806","Laquon Treadwell","WR","FanDuel","","",0,4500,"MIN","HOU",TRUE,"laquontreadwell",-0.414106791781797,1.23389109650753
"WRleontecarroo",1.2990000048,1.255000024,1.200000048,1.31,2,"16502-26045","Leonte Carroo","WR","FanDuel","","",1.200000048,4500,"MIA","TEN",TRUE,"leontecarroo",-0.110773774010196,1.15510487182904
"WRluckywhitehead",1.0085000006,0.682500003,0.275000006,1.09,2,"16502-47953","Lucky Whitehead","WR","FanDuel","","",0.275000006,4500,"DAL","CIN",TRUE,"luckywhitehead",-0.485513689563651,0.51885944438375
"WRmalcolmmitchell",2.8996666667,3.0183333335,2.87,3.166666667,2,"16502-30428","Malcolm Mitchell","WR","FanDuel","","",3.166666667,4500,"NE","CLE",FALSE,"malcolmmitchell",-0.0785291136546593,2.67195841347009
"WRmarkuswheaton",5.3079999905,5.6599999525,5.22,6.099999905,2,"16502-29500","Markus Wheaton","WR","FanDuel","","",6.099999905,5500,"PIT","NYJ",TRUE,"markuswheaton",1.06651565695294,10.9690650874743
"WRmarquisegoodwin",4.705,5.725,4.45,7,2,"16502-32243","Marquise Goodwin","WR","FanDuel","","",7,5500,"BUF","LA",FALSE,"marquisegoodwin",0.134215195720771,5.33648249586623
"WRmarvinjonesjr",17.92499924,17.92499924,17.92499924,17.92499924,1,"16502-22103","Marvin Jones Jr.","WR","FanDuel","Q","Foot",17.92499924,7800,"DET","PHI",TRUE,"marvinjonesjr",0.30076165819471,23.3161517345613
"WRmichaelcrabtree",13.895000076,15.47500038,13.5,17.45000076,2,"16502-9392","Michael Crabtree","WR","FanDuel","","",17.45000076,6900,"OAK","SD",TRUE,"michaelcrabtree",-0.195450157670465,11.1792201203147
"WRmikewallace",9.527500038,10.83750019,9.2,12.47500038,2,"16502-6607","Mike Wallace","WR","FanDuel","","",12.47500038,6300,"BAL","WAS",TRUE,"mikewallace",-0.402249347664037,5.69506936284542
"WRmohamedsanu",6.8355000191,7.0975000955,6.77,7.425000191,2,"16502-22018","Mohamed Sanu","WR","FanDuel","Q","Shoulder",7.425000191,5600,"ATL","DEN",FALSE,"mohamedsanu",0.134512834593976,7.75496250253632
"WRnelsonagholor",6.4443333333,7.0616666665,6.29,7.833333333,2,"16502-29683","Nelson Agholor","WR","FanDuel","","",7.833333333,5400,"PHI","DET",FALSE,"nelsonagholor",-0.388237105801055,3.94240401116235
"WRodellbeckhamjr",15.423499981,13.157499905,10.32499981,15.99,2,"16502-31360","Odell Beckham Jr.","WR","FanDuel","","",10.32499981,8500,"NYG","GB",FALSE,"odellbeckhamjr",0.321015698463682,20.3746856001553
"WRpharohcooper",1.035,0.575,0,1.15,2,"16502-40932","Pharoh Cooper","WR","FanDuel","","",0,4500,"LA","BUF",TRUE,"pharohcooper",0.268098696981615,1.31248215137597
"WRphillipdorsett",9.0064999809,8.5924999045,8.074999809,9.11,2,"16502-25813","Phillip Dorsett","WR","FanDuel","","",8.074999809,6800,"IND","CHI",TRUE,"phillipdorsett",0.655231030976059,14.907838248871
"WRpierregarcon",6.8574999905,6.6874999525,6.474999905,6.9,2,"16502-6774","Pierre Garcon","WR","FanDuel","","",6.474999905,6000,"WAS","BAL",FALSE,"pierregarcon",-0.185378251101842,5.58626863533021
"WRquanbray",2.2530000012,1.385000006,0.300000012,2.47,2,"16502-31308","Quan Bray","WR","FanDuel","","",0.300000012,4500,"IND","CHI",TRUE,"quanbray",0.513319644417199,3.40950916068793
"WRrandallcobb",10.5439999873,8.8799999365,6.799999873,10.96,2,"16502-14257","Randall Cobb","WR","FanDuel","","",6.799999873,7100,"GB","NYG",TRUE,"randallcobb",0.231695744450737,12.986999913846
"WRrashardhiggins",1.494,0.83,0,1.66,2,"16502-45791","Rashard Higgins","WR","FanDuel","","",0,4500,"CLE","NE",TRUE,"rashardhiggins",0.38431459052048,2.0681659982376
"WRricardolouis",2.648666673,2.923333365,2.58,3.26666673,2,"16502-31263","Ricardo Louis","WR","FanDuel","","",3.26666673,4500,"CLE","NE",TRUE,"ricardolouis",0.413834504214399,3.74477633245016
"WRrishardmatthews",5.316,5.62,5.24,6,2,"16502-22163","Rishard Matthews","WR","FanDuel","","",6,5100,"TEN","MIA",FALSE,"rishardmatthews",-0.244687297469498,4.01524232665215
"WRrobbyanderson",3.299999952,3.299999952,3.299999952,3.299999952,1,"16502-26251","Robby Anderson","WR","FanDuel","","",3.299999952,4500,"NYJ","PIT",FALSE,"robbyanderson",-0.0580629794081335,3.10839212274018
"WRrobertwoods",8.453,7.585,6.5,8.67,2,"16502-29685","Robert Woods","WR","FanDuel","","",6.5,5300,"BUF","LA",FALSE,"robertwoods",-0.148498003423678,7.19774637705965
"WRsammiecoates",8.6470000191,8.7150000955,8.63,8.800000191,2,"16502-31241","Sammie Coates","WR","FanDuel","","",8.800000191,5300,"PIT","NYJ",TRUE,"sammiecoates",0.34928326517859,11.6672524197706
"WRsethroberts",6.5874999809,7.1374999045,6.45,7.824999809,2,"16502-54741","Seth Roberts","WR","FanDuel","","",7.824999809,5600,"OAK","SD",TRUE,"sethroberts",-0.00017891134029735,6.58632140244921
"WRstefondiggs",10.5315,12.0175,10.16,13.875,2,"16502-25079","Stefon Diggs","WR","FanDuel","Q","Groin",13.875,7200,"MIN","HOU",TRUE,"stefondiggs",-0.0600822678413833,9.89874359622847
"WRsterlingshepard",10.846499981,11.392499905,10.71,12.07499981,2,"16502-27477","Sterling Shepard","WR","FanDuel","","",12.07499981,6900,"NYG","GB",FALSE,"sterlingshepard",-0.0687967116287451,10.100296449626
"WRstevesmithsr",11.52499962,11.52499962,11.52499962,11.52499962,1,"16502-6735","Steve Smith Sr.","WR","FanDuel","","",11.52499962,6300,"BAL","WAS",TRUE,"stevesmithsr",-0.527864455801189,5.44136196747979
"WRtajaesharpe",7.9740000191,7.2300000955,6.300000191,8.16,2,"16502-47523","Tajae Sharpe","WR","FanDuel","","",6.300000191,5400,"TEN","MIA",FALSE,"tajaesharpe",-0.0605877031254493,7.49087367322044
"WRtavonaustin",8.2774999809,8.1874999045,8.074999809,8.3,2,"16502-26458","Tavon Austin","WR","FanDuel","","",8.074999809,5800,"LA","BUF",TRUE,"tavonaustin",-0.209773762775023,6.54109766353643
"WRtaylorgabriel",1.704333346,2.96166673,1.39,4.53333346,2,"16502-54753","Taylor Gabriel","WR","FanDuel","","",4.53333346,4900,"ATL","DEN",FALSE,"taylorgabriel",0.134794599437787,1.93406827668253
"WRterrancewilliams",7.4220000127,7.9900000635,7.28,8.700000127,2,"16502-31836","Terrance Williams","WR","FanDuel","","",8.700000127,5500,"DAL","CIN",TRUE,"terrancewilliams",-0.523517597829119,3.53645239496361
"WRtravisbenjamin",11.070499962,11.27249981,11.02,11.52499962,2,"16502-22035","Travis Benjamin","WR","FanDuel","","",11.52499962,6500,"SD","OAK",FALSE,"travisbenjamin",0.360027823661987,15.056187970169
"WRtrevordavis",1.197,0.665,0,1.33,2,"16502-41370","Trevor Davis","WR","FanDuel","","",0,4500,"GB","NYG",TRUE,"trevordavis",-0.31170449515516,0.823889719299273
"WRtyhilton",14.880499962,14.72249981,14.52499962,14.92,2,"16502-22031","T.Y. Hilton","WR","FanDuel","","",14.52499962,7700,"IND","CHI",TRUE,"tyhilton",0.0448649770952911,15.5481132519616
"WRtylerboyd",3.467,3.815,3.38,4.25,2,"16502-40669","Tyler Boyd","WR","FanDuel","","",4.25,5300,"CIN","DAL",FALSE,"tylerboyd",0.216968732732894,4.21923059638494
"WRtymontgomery",1.9856666666,1.088333333,-0.033333334,2.21,2,"16502-29734","Ty Montgomery","WR","FanDuel","","",-0.033333334,4500,"GB","NYG",TRUE,"tymontgomery",-0.293786677946037,1.40230425311141
"WRtyrellwilliams",10.2854999619,9.9474998095,9.524999619,10.37,2,"16502-62535","Tyrell Williams","WR","FanDuel","","",9.524999619,6500,"SD","OAK",FALSE,"tyrellwilliams",0.248630275276884,12.8427866487876
"WRvictorcruz",7.9775,8.4875,7.85,9.125,2,"16502-11999","Victor Cruz","WR","FanDuel","","",9.125,5600,"NYG","GB",FALSE,"victorcruz",-0.0769368288083674,7.36373644818125
"WRwillfuller",11.007999981,12.759999905,10.57,14.94999981,2,"16502-42028","Will Fuller","WR","FanDuel","","",14.94999981,7200,"HOU","MIN",FALSE,"willfuller",0.524748473629089,16.7844311687388
